{
    "asiloader": {
        "main": "Asi Loader",
        "submenutitle": "Loaded .asi"
    },
    "misc": {
        "airstrike": {
            "audio": "Audio",
            "delay": "Delay",
            "main": "Airstike Mod",
            "shootat": "Shoot At",
            "shootfrom": "Shoot From",
            "speed": "Speed",
            "submenutitle": "Airstike",
            "toggle": "Status",
            "type": "Type"
        },
        "black_hole_sub": {
            "hole": "Black Hole",
            "hole_coordinates_set": "Set Coordinates",
            "hole_delete_toggle": "Delete",
            "hole_size": "Size",
            "hole_strength": "Strength",
            "hole_toggle": "Status",
            "main": "Black Hole",
            "submenutitle": "Black holes"
        },
        "bool_axe": "Leviathan Axe",
        "bool_inf_parachute": "Unlimited Parachuting",
        "bool_superman": "Super Man Mod",
        "fuc_skip_cutscenes": "Skip Cutscene",
        "hud_color_sub": {
            "main": "Hud Colors",
            "submenutitle": "Colors"
        },
        "magnatic": {
            "delay": "Delay Updating Coord",
            "distance": "Distance To Grab Entites",
            "far_distance": "Far Coord",
            "include_entities": "Include",
            "magnatic_toggle": "Status",
            "main": "Magnatic Mod",
            "speed": "Speed",
            "submenutitle": "Magnatic",
            "type": "Type",
            "z_distance": "Z Coord"
        },
        "main": "Misc",
        "submenutitle": "Misc",
        "xmlmap": {
            "main": "Xml Maps",
            "submenutitle": "Xml Map Loader"
        }
    },
    "network_p": {
        "boolspectate": "Spectate",
        "fuc_copyoutfits": "Copy Outfits",
        "fuc_social": "Social",
        "main": "Players",
        "player": {
            "boolinf_parachuting": "Unlimted Parachuting",
            "boolmakeaday": "Make A Day",
            "boolremote_rp_money": "Give Rp & Money",
			"boolmagneto": "Magneto",
            "cloner": {
                "clone": "Clone as"
            },
            "create_explosions": {
                "explosion_": "Create An Explosion"
            },
            "fuc_ceo": {
                "ceo": "Ceo"
            },
            "fuc_crash": "Ultimate Crash",
            "fuc_kick": {
                "kick": "Kick"
            },
            "shooter": {
                "shoot": "Shoot an"
            }
        },
        "sub_player": "Player",
        "sub_vehicle": "Vehicle",
        "sub_weapon": "Weapon",
        "teleport": {
            "fuc_teleport": "Teleport",
            "fuc_teleportcayo": "Teleport To Cayo"
        },
        "vehicle": {
            "bool_hornboost": "Give Hold Horn Boost",
            "end_category": "End",
            "engine": "Engine",
            "fix": "Fix Vehicle",
            "fuc_boost_category": "Push Vehicle",
            "fuc_invincible": "Vehicle Invincible",
            "fuc_kick": "Kick Out Of Vehicle",
            "fuc_push": "Push",
            "fuc_push_speed": "Speed",
            "rotationrandom": "Randomly Rotate Vehicle",
            "upgrade": "Upgrade Vehicle"
        },
        "weapon": {
            "bool_airstrike_Type": "Airstike Type",
            "bool_airstrike_gun": "Airstike Gun",
            "bool_exp_ammo": "Explosive Ammo",
            "drop": "Drop",
            "exp_ammo_Type": "Explosive Select",
            "fuc_weapons": "Weapons"
        }
    },
    "recovery": {
        "main": "Recovery (Use At Your Own Risk)",
        "nightclub_trade": "Nightclub Trade In Value",
        "submenutitle": "Use At Your Own Risk"
    },
    "self": {
        "boolforcefield": "Forcefield",
        "boolinvincible": "Invincible",
        "boolinvisible": "Invisible",
        "boolneverfall": "Never Fall",
        "boolnoclip": "No Clip",
        "boolsuperjump": "Super Jump",
        "boolsuperrun": "Super Run",
        "boolwalkunderwater": "Walk Underwater",
        "boolwanted": "Never Wanted",
        "end_category": "End",
        "fuc_alpha": "Change Alpha",
        "main": "Self",
        "outfit": {
            "breaker_": "Saved Outfits",
            "editor": {
                "applymodel": "Apply Model W Outfits",
                "color": "Colors",
                "edit": "Change",
                "main": "Outfit Editor",
                "submenutitle": "Editor",
                "type": "Variants"
            },
            "fuc_save": "Save Outfit",
            "main": "Outfit",
            "submenutitle": "Outfit"
        },
        "regen_category": "Regeneration",
        "status": "Status",
        "submenutitle": "Self Options",
        "toggle_clean_player": "Cleans Player",
        "toggle_kys": "Kill Your Self",
        "toggle_props": "Random Props",
        "type": "Type"
    },
    "spooner": {
        "bool_spooner": "Spooner Mode",
        "database": {
            "main": "Spooner"
        },
        "database_": "Manage Entities",
        "main": "Spooner",
        "sub_object": "Objects",
        "sub_peds": "Peds",
        "sub_vehicle": "Vehicles",
        "submenutitle": "Spooner"
    },
    "sub_general_network": {
        "bool_idlekick": "Anti Idle Kick",
        "bool_otr": "Off Radar",
        "bool_reveal_inv": "Reveal Invisible Players",
        "bool_reveal_otr": "Reveal Off Radar Players",
        "fuc_create_solo_lobby": "Solo Lobby",
        "main": "General",
        "name_spoofer": "Spoof Name",
        "scid_spoofer": "Spoof Scid",
        "sub_protections": "Protections",
        "sub_protections_": {
            "_activity": "Start Activity",
            "_banner": "Banner",
            "_bounty": "Bounty",
            "_ceomoney": "Ceo Money",
            "_clearwanted": "Clear Wanted",
            "_fakedeposits": "Fake Deposits",
            "_forcemissions": "Force Mission",
            "_forceteleport": "Force Teleport",
            "_givecollectibles": "Give Collectibles",
            "_mcteleport": "Mc Teleport",
            "_otr": "Off The Radar",
            "_personal_dstry_veh": "Personal Vehicle Destroy",
            "_rotatecam": "Rotate Cam",
            "_sendtocutscene": "Send Cutscene",
            "_sendtolocation": "Send Location",
            "_soundspam": "Sound Spam",
            "_spectate": "Spectate",
            "_teleporttowarehouse": "Teleport Warehouse",
            "_transaction": "Transaction Error",
            "_vehiclekick": "Vehicle Kick",
            "bool_sms": "SMS",
            "crash": "Crash",
            "detect_Drops": "Detect Money Drops",
            "detect_modders": "Detect Modders",
            "freeze": "Freeze",
            "kicks": "Kick",
            "ragdoll": "Ragdoll",
            "report": "Reports",
            "request_control": "Request Control",
            "save": "Save Settings",
            "weapons_remove": "Remove Weapons"
        },
        "sub_scid_joiner": {
            "bool_scidJoiner": "Status",
            "main": "Scid Joiner",
            "submenutitle": "Joiner"
        },
        "submenutitle": "General Options"
    },
    "teleports": {
        "breakerCustom": "Custom",
        "indoor": {
            "main": "Indoor",
            "submenutitle": "Indoor"
        },
        "main": "Teleport",
        "outdoor": {
            "main": "Outdoor",
            "submenutitle": "Outdoor"
        },
        "show_coords": "Coordinates",
        "sky": {
            "main": "Sky",
            "submenutitle": "Sky"
        },
        "submenutitle": "Teleports",
        "teleport_waypoint": "Teleport Waypoint",
        "underwater": {
            "main": "Underwater",
            "submenutitle": "Underwater"
        }
    },
    "vehicle": {
        "acrobatics_category": "Acrobatics",
        "autofixer_category": "Auto Fixer",
        "bool_drift": "Drift Mode",
        "bool_rainbow": "Rainbow Car",
        "bool_seatnbelt": "Seat Belt",
        "bool_towcar": "Tow Car",
        "end_category": "End",
        "flying_category": "Flying Mode",
        "fuc_dirt": "Dirt Level",
        "fuc_fixcar": "Fix Car",
        "fuc_upgradecar": "Upgrade Car",
        "horn_category": "Horn & Boost",
        "int_hornboostspeed": "Speed",
        "invincible_category": "Invincibility",
        "main": "Vehicle",
        "multiplier": {
            "acceleration": "Acceleration",
            "breaks": "Reverse'n Break",
            "main": "Multiplier",
            "submenutitle": "Multiplier"
        },
        "spawncar": {
            "main": "Vehicle Spawner",
            "spawn_settings": {
                "bool_random_paints": "Random Paints",
                "bool_spawninsidecar": "Spawn Inside",
                "bool_upgradedcar": "Fully Upgraded",
                "main": "Spawn Settings",
                "submenutitle": "Settings"
            },
            "submenutitle": "Vehicle Spawn"
        },
        "status": "Status",
        "submenutitle": "Vehicle Options",
        "type": "Type",
        "xmlvehicles": {
            "main": "Xml Vehicles",
            "submenutitle": "Xml Vehicles"
        }
    },
    "weapons": {
        "boolaim_bot": "Aimbot",
        "boolairstike_gun": "Airstike Gun",
        "booldelete_gun": "Delete Gun",
        "booldriveit_gun": "Drive It Gun",
        "boolforce_gun": "Force Gun",
        "boolinf_ammo": "Inf Ammo",
        "boolno_reload": "No Reload",
        "boolteleport_gun": "Teleport Gun",
        "booltrigger_bot": "Trigger Bot",
        "explosive_ammo_category": "Explosive Ammo",
        "main": "Weapons",
        "projectile_ammo_category": "Projectile Gun",
        "submenutitle": "Weapons",
        "trigger_getweapons": "Get All Weapons"
    },
    "weather": {
        "cloud": "Cloud",
        "create_flash": "Create Lightning",
        "hour": "Hour",
        "main": "Weather",
        "minute": "Minute",
        "moon": {
            "blue": "B",
            "green": "G",
            "main": "Moon",
            "red": "R",
            "reset": "Reset",
            "submenutitle": "Moon Editor"
        },
        "second": "Second",
        "set_weather": "Change Weather",
        "submenutitle": "Weather Editor"
    }
}