{
    "Description": {
        "description_rgba": [
            0,
            0,
            0,
            200
        ],
        "description_text_rgba": [
            255,
            255,
            255,
            255
        ]
    },
    "Footer": {
        "footer_arrows_rgba": [
            255,
            255,
            255,
            255
        ],
        "footer_rgba": [
            0,
            0,
            0,
            255
        ]
    },
    "header": {
        "color": [
            255,
            255,
            255,
            220
        ],
        "title_color": [
            255,
            255,
            255,
            251
        ]
    },
    "option": {
        "background": [
            0,
            0,
            0,
            220
        ],
        "borders": [
            0,
            107,
            255,
            255
        ],
        "selected_option": [
            70,
            100,
            255,
            251
        ],
        "text": {
            "text_rgba": [
                255,
                255,
                255,
                255
            ],
            "text_rgba_active": [
                0,
                0,
                0,
                255
            ]
        }
    }
}