<?xml version="1.0" encoding="ISO-8859-1"?>
<SpoonerPlacements>
	<Note />
	<AudioFile volume="400" />
	<ClearDatabase>false</ClearDatabase>
	<ClearWorld>0</ClearWorld>
	<ClearMarkers>false</ClearMarkers>
	<IPLsToLoad load_mp_maps="false" load_sp_maps="false" />
	<IPLsToRemove />
	<InteriorsToEnable />
	<InteriorsToCap />
	<WeatherToSet></WeatherToSet>
	<TimecycleModifier strength="1"></TimecycleModifier>
	<StartTaskSequencesOnLoad>true</StartTaskSequencesOnLoad>
	<ReferenceCoords>
		<X>-83.6390076</X>
		<Y>-816.215942</Y>
		<Z>35.0644875</Z>
	</ReferenceCoords>
	<Placement>
		<ModelHash>0x3feed2e2</ModelHash>
		<Type>3</Type>
		<Dynamic>false</Dynamic>
		<FrozenPos>true</FrozenPos>
		<HashName>prop_barrier_work01a</HashName>
		<InitialHandle>431367</InitialHandle>
		<ObjectProperties>
			<TextureVariation>0</TextureVariation>
		</ObjectProperties>
		<OpacityLevel>255</OpacityLevel>
		<LodDistance>16960</LodDistance>
		<IsVisible>true</IsVisible>
		<MaxHealth>1000</MaxHealth>
		<Health>1000</Health>
		<HasGravity>true</HasGravity>
		<IsOnFire>false</IsOnFire>
		<IsInvincible>false</IsInvincible>
		<IsBulletProof>false</IsBulletProof>
		<IsCollisionProof>false</IsCollisionProof>
		<IsExplosionProof>false</IsExplosionProof>
		<IsFireProof>false</IsFireProof>
		<IsMeleeProof>false</IsMeleeProof>
		<IsOnlyDamagedByPlayer>false</IsOnlyDamagedByPlayer>
		<PositionRotation>
			<X>-82.1881561</X>
			<Y>-750.673828</Y>
			<Z>43.0751228</Z>
			<Pitch>0</Pitch>
			<Roll>0</Roll>
			<Yaw>20.0198135</Yaw>
		</PositionRotation>
		<Attachment isAttached="false" />
	</Placement>
	<Placement>
		<ModelHash>0x2f03547b</ModelHash>
		<Type>2</Type>
		<Dynamic>true</Dynamic>
		<FrozenPos>false</FrozenPos>
		<HashName>Buzzard d'attaque</HashName>
		<InitialHandle>597253</InitialHandle>
		<VehicleProperties>
			<Colours>
				<Primary>0</Primary>
				<Secondary>0</Secondary>
				<Pearl>5</Pearl>
				<Rim>156</Rim>
				<Mod1_a>7</Mod1_a>
				<Mod1_b>-1</Mod1_b>
				<Mod1_c>-1</Mod1_c>
				<Mod2_a>7</Mod2_a>
				<Mod2_b>-1</Mod2_b>
				<IsPrimaryColourCustom>false</IsPrimaryColourCustom>
				<IsSecondaryColourCustom>false</IsSecondaryColourCustom>
				<tyreSmoke_R>255</tyreSmoke_R>
				<tyreSmoke_G>255</tyreSmoke_G>
				<tyreSmoke_B>255</tyreSmoke_B>
				<LrInterior>0</LrInterior>
				<LrDashboard>0</LrDashboard>
				<LrXenonHeadlights>255</LrXenonHeadlights>
			</Colours>
			<Livery>-1</Livery>
			<NumberPlateText>63PAA695</NumberPlateText>
			<NumberPlateIndex>4</NumberPlateIndex>
			<WheelType>0</WheelType>
			<WheelsInvisible>false</WheelsInvisible>
			<EngineSoundName>VALKYRI2</EngineSoundName>
			<WindowTint>1</WindowTint>
			<BulletProofTyres>true</BulletProofTyres>
			<DirtLevel>1.9687225e-07</DirtLevel>
			<PaintFade>0.298039228</PaintFade>
			<RoofState>1</RoofState>
			<SirenActive>false</SirenActive>
			<EngineOn>false</EngineOn>
			<EngineHealth>1000</EngineHealth>
			<LightsOn>true</LightsOn>
			<IsRadioLoud>0</IsRadioLoud>
			<LockStatus>1</LockStatus>
			<Neons>
				<Left>false</Left>
				<Right>false</Right>
				<Front>false</Front>
				<Back>false</Back>
				<R>255</R>
				<G>0</G>
				<B>255</B>
			</Neons>
			<DoorsOpen>
				<BackLeftDoor>false</BackLeftDoor>
				<BackRightDoor>false</BackRightDoor>
				<FrontLeftDoor>false</FrontLeftDoor>
				<FrontRightDoor>false</FrontRightDoor>
				<Hood>false</Hood>
				<Trunk>false</Trunk>
				<Trunk2>false</Trunk2>
			</DoorsOpen>
			<DoorsBroken>
				<BackLeftDoor>false</BackLeftDoor>
				<BackRightDoor>false</BackRightDoor>
				<FrontLeftDoor>false</FrontLeftDoor>
				<FrontRightDoor>false</FrontRightDoor>
				<Hood>false</Hood>
				<Trunk>false</Trunk>
				<Trunk2>false</Trunk2>
			</DoorsBroken>
			<TyresBursted>
				<FrontLeft>false</FrontLeft>
				<FrontRight>false</FrontRight>
				<_2>false</_2>
				<_3>false</_3>
				<BackLeft>false</BackLeft>
				<BackRight>false</BackRight>
				<_6>false</_6>
				<_7>false</_7>
				<_8>false</_8>
			</TyresBursted>
			<RpmMultiplier>2.00000024</RpmMultiplier>
			<TorqueMultiplier>1.50000012</TorqueMultiplier>
			<MaxSpeed>139.01828</MaxSpeed>
			<ModExtras>
				<_1>true</_1>
				<_2>true</_2>
				<_7>true</_7>
				<_8>true</_8>
				<_9>true</_9>
			</ModExtras>
			<Mods>
				<_0>-1,0</_0>
				<_1>-1,0</_1>
				<_2>-1,0</_2>
				<_3>-1,0</_3>
				<_4>-1,0</_4>
				<_5>-1,0</_5>
				<_6>-1,0</_6>
				<_7>-1,0</_7>
				<_8>-1,0</_8>
				<_9>-1,0</_9>
				<_10>-1,0</_10>
				<_11>-1,0</_11>
				<_12>-1,0</_12>
				<_13>-1,0</_13>
				<_14>-1,0</_14>
				<_15>-1,0</_15>
				<_16>-1,0</_16>
				<_17>false</_17>
				<_18>true</_18>
				<_19>false</_19>
				<_20>true</_20>
				<_21>false</_21>
				<_22>true</_22>
				<_23>60,0</_23>
				<_24>-1,0</_24>
				<_25>-1,0</_25>
				<_26>-1,0</_26>
				<_27>-1,0</_27>
				<_28>-1,0</_28>
				<_29>-1,0</_29>
				<_30>-1,0</_30>
				<_31>-1,0</_31>
				<_32>-1,0</_32>
				<_33>-1,0</_33>
				<_34>-1,0</_34>
				<_35>-1,0</_35>
				<_36>-1,0</_36>
				<_37>-1,0</_37>
				<_38>-1,0</_38>
				<_39>-1,0</_39>
				<_40>-1,0</_40>
				<_41>-1,0</_41>
				<_42>-1,0</_42>
				<_43>-1,0</_43>
				<_44>-1,0</_44>
				<_45>-1,0</_45>
				<_46>-1,0</_46>
				<_47>-1,0</_47>
				<_48>-1,0</_48>
			</Mods>
		</VehicleProperties>
		<OpacityLevel>255</OpacityLevel>
		<LodDistance>16960</LodDistance>
		<IsVisible>true</IsVisible>
		<MaxHealth>1000</MaxHealth>
		<Health>1000</Health>
		<HasGravity>true</HasGravity>
		<IsOnFire>false</IsOnFire>
		<IsInvincible>true</IsInvincible>
		<IsBulletProof>true</IsBulletProof>
		<IsCollisionProof>false</IsCollisionProof>
		<IsExplosionProof>true</IsExplosionProof>
		<IsFireProof>false</IsFireProof>
		<IsMeleeProof>true</IsMeleeProof>
		<IsOnlyDamagedByPlayer>false</IsOnlyDamagedByPlayer>
		<PositionRotation>
			<X>-75.4171143</X>
			<Y>-818.888733</Y>
			<Z>326.827026</Z>
			<Pitch>0.033848919</Pitch>
			<Roll>0.0467372127</Roll>
			<Yaw>-97.8132629</Yaw>
		</PositionRotation>
		<Attachment isAttached="false" />
	</Placement>
	<Placement>
		<ModelHash>0x1427d428</ModelHash>
		<Type>1</Type>
		<Dynamic>true</Dynamic>
		<FrozenPos>false</FrozenPos>
		<HashName>Casino shop owner</HashName>
		<InitialHandle>739859</InitialHandle>
		<PedProperties>
			<IsStill>true</IsStill>
			<CanRagdoll>true</CanRagdoll>
			<HasShortHeight>false</HasShortHeight>
			<Armour>0</Armour>
			<CurrentWeapon>0xa2719263</CurrentWeapon>
			<PedProps>
				<_0>-1,-1</_0>
				<_1>-1,-1</_1>
				<_2>-1,-1</_2>
				<_3>-1,-1</_3>
				<_4>-1,-1</_4>
				<_5>-1,-1</_5>
				<_6>-1,-1</_6>
				<_7>-1,-1</_7>
				<_8>-1,-1</_8>
				<_9>-1,-1</_9>
			</PedProps>
			<PedComps>
				<_0>0,0</_0>
				<_1>0,0</_1>
				<_2>0,0</_2>
				<_3>0,0</_3>
				<_4>0,0</_4>
				<_5>0,0</_5>
				<_6>0,0</_6>
				<_7>0,0</_7>
				<_8>0,0</_8>
				<_9>0,0</_9>
				<_10>0,0</_10>
				<_11>0,0</_11>
			</PedComps>
			<RelationshipGroupAltered>false</RelationshipGroupAltered>
			<RelationshipGroup>0xfade4843</RelationshipGroup>
			<ScenarioActive>false</ScenarioActive>
			<AnimActive>false</AnimActive>
		</PedProperties>
		<OpacityLevel>255</OpacityLevel>
		<LodDistance>16960</LodDistance>
		<IsVisible>true</IsVisible>
		<MaxHealth>200</MaxHealth>
		<Health>200</Health>
		<HasGravity>true</HasGravity>
		<IsOnFire>false</IsOnFire>
		<IsInvincible>false</IsInvincible>
		<IsBulletProof>false</IsBulletProof>
		<IsCollisionProof>false</IsCollisionProof>
		<IsExplosionProof>false</IsExplosionProof>
		<IsFireProof>false</IsFireProof>
		<IsMeleeProof>false</IsMeleeProof>
		<IsOnlyDamagedByPlayer>false</IsOnlyDamagedByPlayer>
		<PositionRotation>
			<X>-85.9899368</X>
			<Y>-818.48645</Y>
			<Z>326.953827</Z>
			<Pitch>4.20647325e-07</Pitch>
			<Roll>-2.66073084e-06</Roll>
			<Yaw>126.740562</Yaw>
		</PositionRotation>
		<Attachment isAttached="false" />
	</Placement>
	<Placement>
		<ModelHash>0x1427d428</ModelHash>
		<Type>1</Type>
		<Dynamic>true</Dynamic>
		<FrozenPos>false</FrozenPos>
		<HashName>Casino shop owner</HashName>
		<InitialHandle>333843</InitialHandle>
		<PedProperties>
			<IsStill>true</IsStill>
			<CanRagdoll>true</CanRagdoll>
			<HasShortHeight>false</HasShortHeight>
			<Armour>0</Armour>
			<CurrentWeapon>0xa2719263</CurrentWeapon>
			<PedProps>
				<_0>-1,-1</_0>
				<_1>-1,-1</_1>
				<_2>-1,-1</_2>
				<_3>-1,-1</_3>
				<_4>-1,-1</_4>
				<_5>-1,-1</_5>
				<_6>-1,-1</_6>
				<_7>-1,-1</_7>
				<_8>-1,-1</_8>
				<_9>-1,-1</_9>
			</PedProps>
			<PedComps>
				<_0>0,0</_0>
				<_1>0,0</_1>
				<_2>0,0</_2>
				<_3>0,0</_3>
				<_4>0,0</_4>
				<_5>0,0</_5>
				<_6>0,0</_6>
				<_7>0,0</_7>
				<_8>0,0</_8>
				<_9>0,0</_9>
				<_10>0,0</_10>
				<_11>0,0</_11>
			</PedComps>
			<RelationshipGroupAltered>false</RelationshipGroupAltered>
			<RelationshipGroup>0xfade4843</RelationshipGroup>
			<ScenarioActive>false</ScenarioActive>
			<AnimActive>false</AnimActive>
		</PedProperties>
		<OpacityLevel>255</OpacityLevel>
		<LodDistance>16960</LodDistance>
		<IsVisible>true</IsVisible>
		<MaxHealth>200</MaxHealth>
		<Health>200</Health>
		<HasGravity>true</HasGravity>
		<IsOnFire>false</IsOnFire>
		<IsInvincible>false</IsInvincible>
		<IsBulletProof>false</IsBulletProof>
		<IsCollisionProof>false</IsCollisionProof>
		<IsExplosionProof>false</IsExplosionProof>
		<IsFireProof>false</IsFireProof>
		<IsMeleeProof>false</IsMeleeProof>
		<IsOnlyDamagedByPlayer>false</IsOnlyDamagedByPlayer>
		<PositionRotation>
			<X>-85.9611053</X>
			<Y>-828.492065</Y>
			<Z>326.953247</Z>
			<Pitch>0</Pitch>
			<Roll>0</Roll>
			<Yaw>-55.2357635</Yaw>
		</PositionRotation>
		<Attachment isAttached="false" />
	</Placement>
	<Placement>
		<ModelHash>0xbc92bed5</ModelHash>
		<Type>1</Type>
		<Dynamic>true</Dynamic>
		<FrozenPos>false</FrozenPos>
		<HashName>Casino Staff</HashName>
		<InitialHandle>372501</InitialHandle>
		<PedProperties>
			<IsStill>true</IsStill>
			<CanRagdoll>true</CanRagdoll>
			<HasShortHeight>false</HasShortHeight>
			<Armour>0</Armour>
			<CurrentWeapon>0xa2719263</CurrentWeapon>
			<PedProps>
				<_0>-1,-1</_0>
				<_1>-1,-1</_1>
				<_2>-1,-1</_2>
				<_3>-1,-1</_3>
				<_4>-1,-1</_4>
				<_5>-1,-1</_5>
				<_6>-1,-1</_6>
				<_7>-1,-1</_7>
				<_8>-1,-1</_8>
				<_9>-1,-1</_9>
			</PedProps>
			<PedComps>
				<_0>2,0</_0>
				<_1>0,0</_1>
				<_2>2,0</_2>
				<_3>1,3</_3>
				<_4>2,0</_4>
				<_5>0,0</_5>
				<_6>0,0</_6>
				<_7>-1,0</_7>
				<_8>4,0</_8>
				<_9>0,0</_9>
				<_10>0,0</_10>
				<_11>1,0</_11>
			</PedComps>
			<RelationshipGroupAltered>false</RelationshipGroupAltered>
			<RelationshipGroup>0xfade4843</RelationshipGroup>
			<ScenarioActive>false</ScenarioActive>
			<AnimActive>false</AnimActive>
		</PedProperties>
		<OpacityLevel>255</OpacityLevel>
		<LodDistance>16960</LodDistance>
		<IsVisible>true</IsVisible>
		<MaxHealth>200</MaxHealth>
		<Health>200</Health>
		<HasGravity>true</HasGravity>
		<IsOnFire>false</IsOnFire>
		<IsInvincible>false</IsInvincible>
		<IsBulletProof>false</IsBulletProof>
		<IsCollisionProof>false</IsCollisionProof>
		<IsExplosionProof>false</IsExplosionProof>
		<IsFireProof>false</IsFireProof>
		<IsMeleeProof>false</IsMeleeProof>
		<IsOnlyDamagedByPlayer>false</IsOnlyDamagedByPlayer>
		<PositionRotation>
			<X>-70.6726913</X>
			<Y>-827.599548</Y>
			<Z>326.988556</Z>
			<Pitch>0</Pitch>
			<Roll>-0</Roll>
			<Yaw>-144.421112</Yaw>
		</PositionRotation>
		<Attachment isAttached="false" />
	</Placement>
	<Placement>
		<ModelHash>0xbc92bed5</ModelHash>
		<Type>1</Type>
		<Dynamic>true</Dynamic>
		<FrozenPos>false</FrozenPos>
		<HashName>Casino Staff</HashName>
		<InitialHandle>473369</InitialHandle>
		<PedProperties>
			<IsStill>true</IsStill>
			<CanRagdoll>true</CanRagdoll>
			<HasShortHeight>false</HasShortHeight>
			<Armour>0</Armour>
			<CurrentWeapon>0xa2719263</CurrentWeapon>
			<PedProps>
				<_0>-1,-1</_0>
				<_1>-1,-1</_1>
				<_2>-1,-1</_2>
				<_3>-1,-1</_3>
				<_4>-1,-1</_4>
				<_5>-1,-1</_5>
				<_6>-1,-1</_6>
				<_7>-1,-1</_7>
				<_8>-1,-1</_8>
				<_9>-1,-1</_9>
			</PedProps>
			<PedComps>
				<_0>0,0</_0>
				<_1>0,0</_1>
				<_2>4,0</_2>
				<_3>1,1</_3>
				<_4>0,0</_4>
				<_5>0,0</_5>
				<_6>0,0</_6>
				<_7>0,0</_7>
				<_8>1,0</_8>
				<_9>0,0</_9>
				<_10>0,0</_10>
				<_11>0,0</_11>
			</PedComps>
			<RelationshipGroupAltered>false</RelationshipGroupAltered>
			<RelationshipGroup>0xfade4843</RelationshipGroup>
			<ScenarioActive>false</ScenarioActive>
			<AnimActive>false</AnimActive>
		</PedProperties>
		<OpacityLevel>255</OpacityLevel>
		<LodDistance>16960</LodDistance>
		<IsVisible>true</IsVisible>
		<MaxHealth>200</MaxHealth>
		<Health>200</Health>
		<HasGravity>true</HasGravity>
		<IsOnFire>false</IsOnFire>
		<IsInvincible>false</IsInvincible>
		<IsBulletProof>false</IsBulletProof>
		<IsCollisionProof>false</IsCollisionProof>
		<IsExplosionProof>false</IsExplosionProof>
		<IsFireProof>false</IsFireProof>
		<IsMeleeProof>false</IsMeleeProof>
		<IsOnlyDamagedByPlayer>false</IsOnlyDamagedByPlayer>
		<PositionRotation>
			<X>-67.1912689</X>
			<Y>-815.769714</Y>
			<Z>326.952881</Z>
			<Pitch>0</Pitch>
			<Roll>0</Roll>
			<Yaw>-52.7350883</Yaw>
		</PositionRotation>
		<Attachment isAttached="false" />
	</Placement>
	<Placement>
		<ModelHash>0xbc92bed5</ModelHash>
		<Type>1</Type>
		<Dynamic>true</Dynamic>
		<FrozenPos>false</FrozenPos>
		<HashName>Casino Staff</HashName>
		<InitialHandle>211737</InitialHandle>
		<PedProperties>
			<IsStill>true</IsStill>
			<CanRagdoll>true</CanRagdoll>
			<HasShortHeight>false</HasShortHeight>
			<Armour>0</Armour>
			<CurrentWeapon>0xa2719263</CurrentWeapon>
			<PedProps>
				<_0>-1,-1</_0>
				<_1>-1,-1</_1>
				<_2>-1,-1</_2>
				<_3>-1,-1</_3>
				<_4>-1,-1</_4>
				<_5>-1,-1</_5>
				<_6>-1,-1</_6>
				<_7>-1,-1</_7>
				<_8>-1,-1</_8>
				<_9>-1,-1</_9>
			</PedProps>
			<PedComps>
				<_0>5,0</_0>
				<_1>0,0</_1>
				<_2>2,1</_2>
				<_3>0,2</_3>
				<_4>0,0</_4>
				<_5>0,0</_5>
				<_6>1,1</_6>
				<_7>0,0</_7>
				<_8>0,0</_8>
				<_9>0,0</_9>
				<_10>0,0</_10>
				<_11>0,0</_11>
			</PedComps>
			<RelationshipGroupAltered>false</RelationshipGroupAltered>
			<RelationshipGroup>0xfade4843</RelationshipGroup>
			<ScenarioActive>false</ScenarioActive>
			<AnimActive>false</AnimActive>
		</PedProperties>
		<OpacityLevel>255</OpacityLevel>
		<LodDistance>16960</LodDistance>
		<IsVisible>true</IsVisible>
		<MaxHealth>200</MaxHealth>
		<Health>200</Health>
		<HasGravity>true</HasGravity>
		<IsOnFire>false</IsOnFire>
		<IsInvincible>false</IsInvincible>
		<IsBulletProof>false</IsBulletProof>
		<IsCollisionProof>false</IsCollisionProof>
		<IsExplosionProof>false</IsExplosionProof>
		<IsFireProof>false</IsFireProof>
		<IsMeleeProof>false</IsMeleeProof>
		<IsOnlyDamagedByPlayer>false</IsOnlyDamagedByPlayer>
		<PositionRotation>
			<X>-77.092308</X>
			<Y>-806.001587</Y>
			<Z>326.989105</Z>
			<Pitch>0</Pitch>
			<Roll>-0</Roll>
			<Yaw>127.413651</Yaw>
		</PositionRotation>
		<Attachment isAttached="false" />
	</Placement>
	<Placement>
		<ModelHash>0xbc92bed5</ModelHash>
		<Type>1</Type>
		<Dynamic>true</Dynamic>
		<FrozenPos>false</FrozenPos>
		<HashName>Casino Staff</HashName>
		<InitialHandle>699421</InitialHandle>
		<PedProperties>
			<IsStill>true</IsStill>
			<CanRagdoll>true</CanRagdoll>
			<HasShortHeight>false</HasShortHeight>
			<Armour>0</Armour>
			<CurrentWeapon>0xa2719263</CurrentWeapon>
			<PedProps>
				<_0>-1,-1</_0>
				<_1>-1,-1</_1>
				<_2>-1,-1</_2>
				<_3>-1,-1</_3>
				<_4>-1,-1</_4>
				<_5>-1,-1</_5>
				<_6>-1,-1</_6>
				<_7>-1,-1</_7>
				<_8>-1,-1</_8>
				<_9>-1,-1</_9>
			</PedProps>
			<PedComps>
				<_0>0,1</_0>
				<_1>0,0</_1>
				<_2>0,1</_2>
				<_3>1,1</_3>
				<_4>1,0</_4>
				<_5>0,0</_5>
				<_6>1,0</_6>
				<_7>1,0</_7>
				<_8>0,0</_8>
				<_9>0,0</_9>
				<_10>1,0</_10>
				<_11>0,0</_11>
			</PedComps>
			<RelationshipGroupAltered>false</RelationshipGroupAltered>
			<RelationshipGroup>0xfade4843</RelationshipGroup>
			<ScenarioActive>false</ScenarioActive>
			<AnimActive>false</AnimActive>
		</PedProperties>
		<OpacityLevel>255</OpacityLevel>
		<LodDistance>16960</LodDistance>
		<IsVisible>true</IsVisible>
		<MaxHealth>200</MaxHealth>
		<Health>200</Health>
		<HasGravity>true</HasGravity>
		<IsOnFire>false</IsOnFire>
		<IsInvincible>false</IsInvincible>
		<IsBulletProof>false</IsBulletProof>
		<IsCollisionProof>false</IsCollisionProof>
		<IsExplosionProof>false</IsExplosionProof>
		<IsFireProof>false</IsFireProof>
		<IsMeleeProof>false</IsMeleeProof>
		<IsOnlyDamagedByPlayer>false</IsOnlyDamagedByPlayer>
		<PositionRotation>
			<X>-62.7223511</X>
			<Y>-821.936096</Y>
			<Z>330.474457</Z>
			<Pitch>0</Pitch>
			<Roll>0</Roll>
			<Yaw>-54.1410141</Yaw>
		</PositionRotation>
		<Attachment isAttached="false" />
	</Placement>
	<Placement>
		<ModelHash>0x1422d45b</ModelHash>
		<Type>1</Type>
		<Dynamic>true</Dynamic>
		<FrozenPos>false</FrozenPos>
		<HashName>Casino Staff</HashName>
		<InitialHandle>114717</InitialHandle>
		<PedProperties>
			<IsStill>true</IsStill>
			<CanRagdoll>true</CanRagdoll>
			<HasShortHeight>false</HasShortHeight>
			<Armour>0</Armour>
			<CurrentWeapon>0xa2719263</CurrentWeapon>
			<PedProps>
				<_0>-1,-1</_0>
				<_1>-1,-1</_1>
				<_2>-1,-1</_2>
				<_3>-1,-1</_3>
				<_4>-1,-1</_4>
				<_5>-1,-1</_5>
				<_6>-1,-1</_6>
				<_7>-1,-1</_7>
				<_8>-1,-1</_8>
				<_9>-1,-1</_9>
			</PedProps>
			<PedComps>
				<_0>2,1</_0>
				<_1>0,0</_1>
				<_2>2,0</_2>
				<_3>0,1</_3>
				<_4>0,0</_4>
				<_5>0,0</_5>
				<_6>0,2</_6>
				<_7>1,0</_7>
				<_8>2,0</_8>
				<_9>0,0</_9>
				<_10>1,0</_10>
				<_11>0,0</_11>
			</PedComps>
			<TattooLogoDecals />
			<DamagePacks />
			<RelationshipGroupAltered>false</RelationshipGroupAltered>
			<RelationshipGroup>0xfade4843</RelationshipGroup>
			<ScenarioActive>false</ScenarioActive>
			<AnimActive>false</AnimActive>
		</PedProperties>
		<OpacityLevel>255</OpacityLevel>
		<LodDistance>16960</LodDistance>
		<IsVisible>true</IsVisible>
		<MaxHealth>200</MaxHealth>
		<Health>200</Health>
		<HasGravity>true</HasGravity>
		<IsOnFire>false</IsOnFire>
		<IsInvincible>false</IsInvincible>
		<IsBulletProof>false</IsBulletProof>
		<IsCollisionProof>false</IsCollisionProof>
		<IsExplosionProof>false</IsExplosionProof>
		<IsFireProof>false</IsFireProof>
		<IsMeleeProof>false</IsMeleeProof>
		<IsOnlyDamagedByPlayer>false</IsOnlyDamagedByPlayer>
		<PositionRotation>
			<X>-86.5804749</X>
			<Y>-829.785522</Y>
			<Z>326.385345</Z>
			<Pitch>0</Pitch>
			<Roll>-0</Roll>
			<Yaw>126.722763</Yaw>
		</PositionRotation>
		<Attachment isAttached="false" />
	</Placement>
	<Placement>
		<ModelHash>0x1422d45b</ModelHash>
		<Type>1</Type>
		<Dynamic>true</Dynamic>
		<FrozenPos>false</FrozenPos>
		<HashName>Casino Staff</HashName>
		<InitialHandle>618018</InitialHandle>
		<PedProperties>
			<IsStill>true</IsStill>
			<CanRagdoll>true</CanRagdoll>
			<HasShortHeight>false</HasShortHeight>
			<Armour>0</Armour>
			<CurrentWeapon>0xa2719263</CurrentWeapon>
			<PedProps>
				<_0>-1,-1</_0>
				<_1>-1,-1</_1>
				<_2>-1,-1</_2>
				<_3>-1,-1</_3>
				<_4>-1,-1</_4>
				<_5>-1,-1</_5>
				<_6>-1,-1</_6>
				<_7>-1,-1</_7>
				<_8>-1,-1</_8>
				<_9>-1,-1</_9>
			</PedProps>
			<PedComps>
				<_0>2,2</_0>
				<_1>0,0</_1>
				<_2>2,0</_2>
				<_3>0,3</_3>
				<_4>0,0</_4>
				<_5>0,0</_5>
				<_6>0,1</_6>
				<_7>1,0</_7>
				<_8>2,0</_8>
				<_9>0,0</_9>
				<_10>1,0</_10>
				<_11>2,0</_11>
			</PedComps>
			<TattooLogoDecals />
			<DamagePacks />
			<RelationshipGroupAltered>false</RelationshipGroupAltered>
			<RelationshipGroup>0xfade4843</RelationshipGroup>
			<ScenarioActive>false</ScenarioActive>
			<AnimActive>false</AnimActive>
		</PedProperties>
		<OpacityLevel>255</OpacityLevel>
		<LodDistance>16960</LodDistance>
		<IsVisible>true</IsVisible>
		<MaxHealth>200</MaxHealth>
		<Health>200</Health>
		<HasGravity>true</HasGravity>
		<IsOnFire>false</IsOnFire>
		<IsInvincible>false</IsInvincible>
		<IsBulletProof>false</IsBulletProof>
		<IsCollisionProof>false</IsCollisionProof>
		<IsExplosionProof>false</IsExplosionProof>
		<IsFireProof>false</IsFireProof>
		<IsMeleeProof>false</IsMeleeProof>
		<IsOnlyDamagedByPlayer>false</IsOnlyDamagedByPlayer>
		<PositionRotation>
			<X>-66.8693237</X>
			<Y>-830.560059</Y>
			<Z>326.385742</Z>
			<Pitch>0</Pitch>
			<Roll>-0</Roll>
			<Yaw>-143.322174</Yaw>
		</PositionRotation>
		<Attachment isAttached="false" />
	</Placement>
	<Placement>
		<ModelHash>0x1422d45b</ModelHash>
		<Type>1</Type>
		<Dynamic>true</Dynamic>
		<FrozenPos>false</FrozenPos>
		<HashName>Casino Staff</HashName>
		<InitialHandle>122403</InitialHandle>
		<PedProperties>
			<IsStill>true</IsStill>
			<CanRagdoll>true</CanRagdoll>
			<HasShortHeight>false</HasShortHeight>
			<Armour>0</Armour>
			<CurrentWeapon>0xa2719263</CurrentWeapon>
			<PedProps>
				<_0>-1,-1</_0>
				<_1>-1,-1</_1>
				<_2>-1,-1</_2>
				<_3>-1,-1</_3>
				<_4>-1,-1</_4>
				<_5>-1,-1</_5>
				<_6>-1,-1</_6>
				<_7>-1,-1</_7>
				<_8>-1,-1</_8>
				<_9>-1,-1</_9>
			</PedProps>
			<PedComps>
				<_0>3,1</_0>
				<_1>1,0</_1>
				<_2>3,2</_2>
				<_3>0,2</_3>
				<_4>1,0</_4>
				<_5>0,0</_5>
				<_6>0,0</_6>
				<_7>0,1</_7>
				<_8>0,0</_8>
				<_9>0,0</_9>
				<_10>1,0</_10>
				<_11>2,0</_11>
			</PedComps>
			<RelationshipGroupAltered>false</RelationshipGroupAltered>
			<RelationshipGroup>0xfade4843</RelationshipGroup>
			<ScenarioActive>false</ScenarioActive>
			<AnimActive>false</AnimActive>
		</PedProperties>
		<OpacityLevel>255</OpacityLevel>
		<LodDistance>16960</LodDistance>
		<IsVisible>true</IsVisible>
		<MaxHealth>200</MaxHealth>
		<Health>200</Health>
		<HasGravity>true</HasGravity>
		<IsOnFire>false</IsOnFire>
		<IsInvincible>false</IsInvincible>
		<IsBulletProof>false</IsBulletProof>
		<IsCollisionProof>false</IsCollisionProof>
		<IsExplosionProof>false</IsExplosionProof>
		<IsFireProof>false</IsFireProof>
		<IsMeleeProof>false</IsMeleeProof>
		<IsOnlyDamagedByPlayer>false</IsOnlyDamagedByPlayer>
		<PositionRotation>
			<X>-83.9369507</X>
			<Y>-807.289551</Y>
			<Z>326.384369</Z>
			<Pitch>0</Pitch>
			<Roll>0</Roll>
			<Yaw>35.4566765</Yaw>
		</PositionRotation>
		<Attachment isAttached="false" />
	</Placement>
	<Placement>
		<ModelHash>0x1422d45b</ModelHash>
		<Type>1</Type>
		<Dynamic>true</Dynamic>
		<FrozenPos>false</FrozenPos>
		<HashName>Casino Staff</HashName>
		<InitialHandle>103738</InitialHandle>
		<PedProperties>
			<IsStill>true</IsStill>
			<CanRagdoll>true</CanRagdoll>
			<HasShortHeight>false</HasShortHeight>
			<Armour>0</Armour>
			<CurrentWeapon>0xa2719263</CurrentWeapon>
			<PedProps>
				<_0>-1,-1</_0>
				<_1>-1,-1</_1>
				<_2>-1,-1</_2>
				<_3>-1,-1</_3>
				<_4>-1,-1</_4>
				<_5>-1,-1</_5>
				<_6>-1,-1</_6>
				<_7>-1,-1</_7>
				<_8>-1,-1</_8>
				<_9>-1,-1</_9>
			</PedProps>
			<PedComps>
				<_0>4,2</_0>
				<_1>0,0</_1>
				<_2>2,0</_2>
				<_3>0,1</_3>
				<_4>0,0</_4>
				<_5>0,0</_5>
				<_6>0,2</_6>
				<_7>1,0</_7>
				<_8>2,0</_8>
				<_9>0,0</_9>
				<_10>1,0</_10>
				<_11>0,0</_11>
			</PedComps>
			<TattooLogoDecals />
			<DamagePacks />
			<RelationshipGroupAltered>false</RelationshipGroupAltered>
			<RelationshipGroup>0xfade4843</RelationshipGroup>
			<ScenarioActive>false</ScenarioActive>
			<AnimActive>false</AnimActive>
		</PedProperties>
		<OpacityLevel>255</OpacityLevel>
		<LodDistance>16960</LodDistance>
		<IsVisible>true</IsVisible>
		<MaxHealth>200</MaxHealth>
		<Health>200</Health>
		<HasGravity>true</HasGravity>
		<IsOnFire>false</IsOnFire>
		<IsInvincible>false</IsInvincible>
		<IsBulletProof>false</IsBulletProof>
		<IsCollisionProof>false</IsCollisionProof>
		<IsExplosionProof>false</IsExplosionProof>
		<IsFireProof>false</IsFireProof>
		<IsMeleeProof>false</IsMeleeProof>
		<IsOnlyDamagedByPlayer>false</IsOnlyDamagedByPlayer>
		<PositionRotation>
			<X>-88.8804855</X>
			<Y>-826.485596</Y>
			<Z>326.385498</Z>
			<Pitch>0</Pitch>
			<Roll>-0</Roll>
			<Yaw>140.722549</Yaw>
		</PositionRotation>
		<Attachment isAttached="false" />
	</Placement>
	<Placement>
		<ModelHash>0x1422d45b</ModelHash>
		<Type>1</Type>
		<Dynamic>true</Dynamic>
		<FrozenPos>false</FrozenPos>
		<HashName>Casino Staff</HashName>
		<InitialHandle>533845</InitialHandle>
		<PedProperties>
			<IsStill>true</IsStill>
			<CanRagdoll>true</CanRagdoll>
			<HasShortHeight>false</HasShortHeight>
			<Armour>0</Armour>
			<CurrentWeapon>0xa2719263</CurrentWeapon>
			<PedProps>
				<_0>-1,-1</_0>
				<_1>-1,-1</_1>
				<_2>-1,-1</_2>
				<_3>-1,-1</_3>
				<_4>-1,-1</_4>
				<_5>-1,-1</_5>
				<_6>-1,-1</_6>
				<_7>-1,-1</_7>
				<_8>-1,-1</_8>
				<_9>-1,-1</_9>
			</PedProps>
			<PedComps>
				<_0>0,0</_0>
				<_1>0,0</_1>
				<_2>2,0</_2>
				<_3>0,3</_3>
				<_4>0,0</_4>
				<_5>0,0</_5>
				<_6>0,1</_6>
				<_7>1,0</_7>
				<_8>2,0</_8>
				<_9>0,0</_9>
				<_10>1,0</_10>
				<_11>2,0</_11>
			</PedComps>
			<TattooLogoDecals />
			<DamagePacks />
			<RelationshipGroupAltered>false</RelationshipGroupAltered>
			<RelationshipGroup>0xfade4843</RelationshipGroup>
			<ScenarioActive>false</ScenarioActive>
			<AnimActive>false</AnimActive>
		</PedProperties>
		<OpacityLevel>255</OpacityLevel>
		<LodDistance>16960</LodDistance>
		<IsVisible>true</IsVisible>
		<MaxHealth>200</MaxHealth>
		<Health>200</Health>
		<HasGravity>true</HasGravity>
		<IsOnFire>false</IsOnFire>
		<IsInvincible>false</IsInvincible>
		<IsBulletProof>false</IsBulletProof>
		<IsCollisionProof>false</IsCollisionProof>
		<IsExplosionProof>false</IsExplosionProof>
		<IsFireProof>false</IsFireProof>
		<IsMeleeProof>false</IsMeleeProof>
		<IsOnlyDamagedByPlayer>false</IsOnlyDamagedByPlayer>
		<PositionRotation>
			<X>-63.4694672</X>
			<Y>-828.260071</Y>
			<Z>326.385223</Z>
			<Pitch>0</Pitch>
			<Roll>-0</Roll>
			<Yaw>-143.322174</Yaw>
		</PositionRotation>
		<Attachment isAttached="false" />
	</Placement>
	<Placement>
		<ModelHash>0x028abf95</ModelHash>
		<Type>1</Type>
		<Dynamic>true</Dynamic>
		<FrozenPos>false</FrozenPos>
		<HashName>Hooker</HashName>
		<InitialHandle>266508</InitialHandle>
		<PedProperties>
			<IsStill>true</IsStill>
			<CanRagdoll>true</CanRagdoll>
			<HasShortHeight>false</HasShortHeight>
			<Armour>0</Armour>
			<CurrentWeapon>0xa2719263</CurrentWeapon>
			<PedProps>
				<_0>-1,-1</_0>
				<_1>-1,-1</_1>
				<_2>-1,-1</_2>
				<_3>-1,-1</_3>
				<_4>-1,-1</_4>
				<_5>-1,-1</_5>
				<_6>-1,-1</_6>
				<_7>-1,-1</_7>
				<_8>-1,-1</_8>
				<_9>-1,-1</_9>
			</PedProps>
			<PedComps>
				<_0>0,1</_0>
				<_1>0,0</_1>
				<_2>0,0</_2>
				<_3>0,0</_3>
				<_4>0,1</_4>
				<_5>0,0</_5>
				<_6>0,0</_6>
				<_7>0,0</_7>
				<_8>0,0</_8>
				<_9>0,0</_9>
				<_10>0,0</_10>
				<_11>0,0</_11>
			</PedComps>
			<RelationshipGroupAltered>false</RelationshipGroupAltered>
			<RelationshipGroup>0xfade4843</RelationshipGroup>
			<ScenarioActive>false</ScenarioActive>
			<AnimActive>false</AnimActive>
		</PedProperties>
		<OpacityLevel>255</OpacityLevel>
		<LodDistance>16960</LodDistance>
		<IsVisible>true</IsVisible>
		<MaxHealth>200</MaxHealth>
		<Health>200</Health>
		<HasGravity>true</HasGravity>
		<IsOnFire>false</IsOnFire>
		<IsInvincible>false</IsInvincible>
		<IsBulletProof>false</IsBulletProof>
		<IsCollisionProof>false</IsCollisionProof>
		<IsExplosionProof>false</IsExplosionProof>
		<IsFireProof>false</IsFireProof>
		<IsMeleeProof>false</IsMeleeProof>
		<IsOnlyDamagedByPlayer>false</IsOnlyDamagedByPlayer>
		<PositionRotation>
			<X>-73.0551529</X>
			<Y>-801.514587</Y>
			<Z>330.475555</Z>
			<Pitch>0</Pitch>
			<Roll>-0</Roll>
			<Yaw>-151.251831</Yaw>
		</PositionRotation>
		<Attachment isAttached="false" />
	</Placement>
	<Marker>
		<Name>up</Name>
		<InitialHandle>1</InitialHandle>
		<Type>1</Type>
		<Scale>1.44999957</Scale>
		<ShowName>false</ShowName>
		<RotateContinuously>true</RotateContinuously>
		<AllowVehicles>false</AllowVehicles>
		<Colour R="3" G="83" B="255" A="190" />
		<Position>
			<Position X="-85.4325409" Y="-819.990845" Z="35.4779968" />
			<Rotation X="0" Y="0" Z="137.750229" />
		</Position>
		<Destination>
			<LinkInitHandle>2</LinkInitHandle>
			<Position X="-71.4506378" Y="-801.991516" Z="326.432251" />
			<Rotation X="0" Y="0" Z="-53.213974" />
		</Destination>
		<DestinationHeading>124</DestinationHeading>
	</Marker>
	<Marker>
		<Name>down</Name>
		<InitialHandle>2</InitialHandle>
		<Type>1</Type>
		<Scale>1.19999981</Scale>
		<ShowName>false</ShowName>
		<RotateContinuously>true</RotateContinuously>
		<AllowVehicles>false</AllowVehicles>
		<Colour R="3" G="83" B="255" A="190" />
		<Position>
			<Position X="-71.4506378" Y="-801.991516" Z="326.432251" />
			<Rotation X="0" Y="0" Z="-53.213974" />
		</Position>
		<Destination>
			<LinkInitHandle>1</LinkInitHandle>
			<Position X="-85.4325409" Y="-819.990845" Z="35.4779968" />
			<Rotation X="0" Y="0" Z="137.750229" />
		</Destination>
		<DestinationHeading>-53</DestinationHeading>
	</Marker>
</SpoonerPlacements>
