<?xml version="1.0" encoding="utf-8"?>
<SpoonerPlacements xmlns:xsd="http://www.w3.org/2001/XMLSchema" xmlns:xsi="http://www.w3.org/2001/XMLSchema-instance">
  <ClearDatabase>false</ClearDatabase>
  <ClearWorld>false</ClearWorld>
  <ReferenceCoords>
    <X>2325.81543</X>
    <Y>138.595154</Y>
    <Z>565.1875</Z>
  </ReferenceCoords>
  <Placement>
    <ModelHash>0x58e264ac</ModelHash>
    <Type>3</Type>
    <Dynamic>false</Dynamic>
    <InitialHandle>0</InitialHandle>
    <OpacityLevel>255</OpacityLevel>
    <LodDistance>2900</LodDistance>
    <IsVisible>true</IsVisible>
    <Health>200</Health>
    <IsOnFire>false</IsOnFire>
    <IsInvincible>false</IsInvincible>
    <IsBulletProof>false</IsBulletProof>
    <IsCollisionProof>false</IsCollisionProof>
    <IsExplosionProof>false</IsExplosionProof>
    <IsFireProof>false</IsFireProof>
    <IsMeleeProof>false</IsMeleeProof>
    <IsOnlyDamagedByPlayer>false</IsOnlyDamagedByPlayer>
    <PositionRotation>
      <X>1614.91809</X>
      <Y>-33.20026</Y>
      <Z>116.182076</Z>
      <Pitch>7.307617</Pitch>
      <Roll>-5.203607</Roll>
      <Yaw>-78.70688</Yaw>
    </PositionRotation>
  </Placement>
  <Placement>
    <ModelHash>0x58e264ac</ModelHash>
    <Type>3</Type>
    <Dynamic>false</Dynamic>
    <InitialHandle>0</InitialHandle>
    <OpacityLevel>255</OpacityLevel>
    <LodDistance>2900</LodDistance>
    <IsVisible>true</IsVisible>
    <Health>200</Health>
    <IsOnFire>false</IsOnFire>
    <IsInvincible>false</IsInvincible>
    <IsBulletProof>false</IsBulletProof>
    <IsCollisionProof>false</IsCollisionProof>
    <IsExplosionProof>false</IsExplosionProof>
    <IsFireProof>false</IsFireProof>
    <IsMeleeProof>false</IsMeleeProof>
    <IsOnlyDamagedByPlayer>false</IsOnlyDamagedByPlayer>
    <PositionRotation>
      <X>1518.82</X>
      <Y>-51.5185738</Y>
      <Z>92.20386</Z>
      <Pitch>7.307617</Pitch>
      <Roll>-5.203607</Roll>
      <Yaw>-78.70688</Yaw>
    </PositionRotation>
  </Placement>
  <Placement>
    <ModelHash>0x58e264ac</ModelHash>
    <Type>3</Type>
    <Dynamic>false</Dynamic>
    <InitialHandle>0</InitialHandle>
    <OpacityLevel>255</OpacityLevel>
    <LodDistance>2900</LodDistance>
    <IsVisible>true</IsVisible>
    <Health>200</Health>
    <IsOnFire>false</IsOnFire>
    <IsInvincible>false</IsInvincible>
    <IsBulletProof>false</IsBulletProof>
    <IsCollisionProof>false</IsCollisionProof>
    <IsExplosionProof>false</IsExplosionProof>
    <IsFireProof>false</IsFireProof>
    <IsMeleeProof>false</IsMeleeProof>
    <IsOnlyDamagedByPlayer>false</IsOnlyDamagedByPlayer>
    <PositionRotation>
      <X>1411.19946</X>
      <Y>-74.04954</Y>
      <Z>70.82206</Z>
      <Pitch>7.307617</Pitch>
      <Roll>-5.203607</Roll>
      <Yaw>-78.70688</Yaw>
    </PositionRotation>
  </Placement>
  <Placement>
    <ModelHash>0x58e264ac</ModelHash>
    <Type>3</Type>
    <Dynamic>false</Dynamic>
    <InitialHandle>0</InitialHandle>
    <OpacityLevel>255</OpacityLevel>
    <LodDistance>2900</LodDistance>
    <IsVisible>true</IsVisible>
    <Health>200</Health>
    <IsOnFire>false</IsOnFire>
    <IsInvincible>false</IsInvincible>
    <IsBulletProof>false</IsBulletProof>
    <IsCollisionProof>false</IsCollisionProof>
    <IsExplosionProof>false</IsExplosionProof>
    <IsFireProof>false</IsFireProof>
    <IsMeleeProof>false</IsMeleeProof>
    <IsOnlyDamagedByPlayer>false</IsOnlyDamagedByPlayer>
    <PositionRotation>
      <X>1291.23022</X>
      <Y>-97.69335</Y>
      <Z>45.78331</Z>
      <Pitch>7.307617</Pitch>
      <Roll>-5.203607</Roll>
      <Yaw>-78.70688</Yaw>
    </PositionRotation>
  </Placement>
  <Placement>
    <ModelHash>0x58e264ac</ModelHash>
    <Type>3</Type>
    <Dynamic>false</Dynamic>
    <InitialHandle>0</InitialHandle>
    <OpacityLevel>255</OpacityLevel>
    <LodDistance>2900</LodDistance>
    <IsVisible>true</IsVisible>
    <Health>200</Health>
    <IsOnFire>false</IsOnFire>
    <IsInvincible>false</IsInvincible>
    <IsBulletProof>false</IsBulletProof>
    <IsCollisionProof>false</IsCollisionProof>
    <IsExplosionProof>false</IsExplosionProof>
    <IsFireProof>false</IsFireProof>
    <IsMeleeProof>false</IsMeleeProof>
    <IsOnlyDamagedByPlayer>false</IsOnlyDamagedByPlayer>
    <PositionRotation>
      <X>1171.73047</X>
      <Y>-123.597946</Y>
      <Z>21.8634949</Z>
      <Pitch>7.307617</Pitch>
      <Roll>-5.203607</Roll>
      <Yaw>-78.70688</Yaw>
    </PositionRotation>
  </Placement>
  <Placement>
    <ModelHash>0xb1ca32d4</ModelHash>
    <Type>3</Type>
    <Dynamic>false</Dynamic>
    <InitialHandle>0</InitialHandle>
    <OpacityLevel>255</OpacityLevel>
    <LodDistance>2900</LodDistance>
    <IsVisible>true</IsVisible>
    <Health>200</Health>
    <IsOnFire>false</IsOnFire>
    <IsInvincible>false</IsInvincible>
    <IsBulletProof>false</IsBulletProof>
    <IsCollisionProof>false</IsCollisionProof>
    <IsExplosionProof>false</IsExplosionProof>
    <IsFireProof>false</IsFireProof>
    <IsMeleeProof>false</IsMeleeProof>
    <IsOnlyDamagedByPlayer>false</IsOnlyDamagedByPlayer>
    <PositionRotation>
      <X>1112.5686</X>
      <Y>-136.8765</Y>
      <Z>65.75319</Z>
      <Pitch>0</Pitch>
      <Roll>-0</Roll>
      <Yaw>-163.999084</Yaw>
    </PositionRotation>
  </Placement>
  <Placement>
    <ModelHash>0xb1ca32d4</ModelHash>
    <Type>3</Type>
    <Dynamic>false</Dynamic>
    <InitialHandle>0</InitialHandle>
    <OpacityLevel>255</OpacityLevel>
    <LodDistance>2900</LodDistance>
    <IsVisible>true</IsVisible>
    <Health>200</Health>
    <IsOnFire>false</IsOnFire>
    <IsInvincible>false</IsInvincible>
    <IsBulletProof>false</IsBulletProof>
    <IsCollisionProof>false</IsCollisionProof>
    <IsExplosionProof>false</IsExplosionProof>
    <IsFireProof>false</IsFireProof>
    <IsMeleeProof>false</IsMeleeProof>
    <IsOnlyDamagedByPlayer>false</IsOnlyDamagedByPlayer>
    <PositionRotation>
      <X>1111.48</X>
      <Y>-133.043884</Y>
      <Z>65.78</Z>
      <Pitch>0</Pitch>
      <Roll>-0</Roll>
      <Yaw>-163.999084</Yaw>
    </PositionRotation>
  </Placement>
  <Placement>
    <ModelHash>0x58e264ac</ModelHash>
    <Type>3</Type>
    <Dynamic>false</Dynamic>
    <InitialHandle>0</InitialHandle>
    <OpacityLevel>255</OpacityLevel>
    <LodDistance>2900</LodDistance>
    <IsVisible>true</IsVisible>
    <Health>200</Health>
    <IsOnFire>false</IsOnFire>
    <IsInvincible>false</IsInvincible>
    <IsBulletProof>false</IsBulletProof>
    <IsCollisionProof>false</IsCollisionProof>
    <IsExplosionProof>false</IsExplosionProof>
    <IsFireProof>false</IsFireProof>
    <IsMeleeProof>false</IsMeleeProof>
    <IsOnlyDamagedByPlayer>false</IsOnlyDamagedByPlayer>
    <PositionRotation>
      <X>1760.73938</X>
      <Y>-3.8247366</Y>
      <Z>159.3316</Z>
      <Pitch>7.307617</Pitch>
      <Roll>-5.203607</Roll>
      <Yaw>-78.70688</Yaw>
    </PositionRotation>
  </Placement>
  <Placement>
    <ModelHash>0x58e264ac</ModelHash>
    <Type>3</Type>
    <Dynamic>false</Dynamic>
    <InitialHandle>0</InitialHandle>
    <OpacityLevel>255</OpacityLevel>
    <LodDistance>2900</LodDistance>
    <IsVisible>true</IsVisible>
    <Health>200</Health>
    <IsOnFire>false</IsOnFire>
    <IsInvincible>false</IsInvincible>
    <IsBulletProof>false</IsBulletProof>
    <IsCollisionProof>false</IsCollisionProof>
    <IsExplosionProof>false</IsExplosionProof>
    <IsFireProof>false</IsFireProof>
    <IsMeleeProof>false</IsMeleeProof>
    <IsOnlyDamagedByPlayer>false</IsOnlyDamagedByPlayer>
    <PositionRotation>
      <X>1941.94727</X>
      <Y>41.22028</Y>
      <Z>255.906311</Z>
      <Pitch>7.307617</Pitch>
      <Roll>-5.203607</Roll>
      <Yaw>-78.70688</Yaw>
    </PositionRotation>
  </Placement>
  <Placement>
    <ModelHash>0x58e264ac</ModelHash>
    <Type>3</Type>
    <Dynamic>false</Dynamic>
    <InitialHandle>0</InitialHandle>
    <OpacityLevel>255</OpacityLevel>
    <LodDistance>2900</LodDistance>
    <IsVisible>true</IsVisible>
    <Health>200</Health>
    <IsOnFire>false</IsOnFire>
    <IsInvincible>false</IsInvincible>
    <IsBulletProof>false</IsBulletProof>
    <IsCollisionProof>false</IsCollisionProof>
    <IsExplosionProof>false</IsExplosionProof>
    <IsFireProof>false</IsFireProof>
    <IsMeleeProof>false</IsMeleeProof>
    <IsOnlyDamagedByPlayer>false</IsOnlyDamagedByPlayer>
    <PositionRotation>
      <X>2028.552</X>
      <Y>58.5932159</Y>
      <Z>267.25</Z>
      <Pitch>7.307617</Pitch>
      <Roll>-5.203607</Roll>
      <Yaw>-78.70688</Yaw>
    </PositionRotation>
  </Placement>
  <Placement>
    <ModelHash>0x58e264ac</ModelHash>
    <Type>3</Type>
    <Dynamic>false</Dynamic>
    <InitialHandle>0</InitialHandle>
    <OpacityLevel>255</OpacityLevel>
    <LodDistance>2900</LodDistance>
    <IsVisible>true</IsVisible>
    <Health>200</Health>
    <IsOnFire>false</IsOnFire>
    <IsInvincible>false</IsInvincible>
    <IsBulletProof>false</IsBulletProof>
    <IsCollisionProof>false</IsCollisionProof>
    <IsExplosionProof>false</IsExplosionProof>
    <IsFireProof>false</IsFireProof>
    <IsMeleeProof>false</IsMeleeProof>
    <IsOnlyDamagedByPlayer>false</IsOnlyDamagedByPlayer>
    <PositionRotation>
      <X>1845.95544</X>
      <Y>16.4930344</Y>
      <Z>200.7243</Z>
      <Pitch>7.307617</Pitch>
      <Roll>-5.203607</Roll>
      <Yaw>-78.70688</Yaw>
    </PositionRotation>
  </Placement>
  <Placement>
    <ModelHash>0xb1ca32d4</ModelHash>
    <Type>3</Type>
    <Dynamic>false</Dynamic>
    <InitialHandle>0</InitialHandle>
    <OpacityLevel>255</OpacityLevel>
    <LodDistance>2900</LodDistance>
    <IsVisible>true</IsVisible>
    <Health>200</Health>
    <IsOnFire>false</IsOnFire>
    <IsInvincible>false</IsInvincible>
    <IsBulletProof>false</IsBulletProof>
    <IsCollisionProof>false</IsCollisionProof>
    <IsExplosionProof>false</IsExplosionProof>
    <IsFireProof>false</IsFireProof>
    <IsMeleeProof>false</IsMeleeProof>
    <IsOnlyDamagedByPlayer>false</IsOnlyDamagedByPlayer>
    <PositionRotation>
      <X>1699.3</X>
      <Y>-15.53</Y>
      <Z>204.58</Z>
      <Pitch>0.700919867</Pitch>
      <Roll>-7.00657272</Roll>
      <Yaw>-169.2038</Yaw>
    </PositionRotation>
  </Placement>
  <Placement>
    <ModelHash>0xeb8754fb</ModelHash>
    <Type>3</Type>
    <Dynamic>false</Dynamic>
    <InitialHandle>0</InitialHandle>
    <OpacityLevel>255</OpacityLevel>
    <LodDistance>2900</LodDistance>
    <IsVisible>true</IsVisible>
    <Health>200</Health>
    <IsOnFire>false</IsOnFire>
    <IsInvincible>false</IsInvincible>
    <IsBulletProof>false</IsBulletProof>
    <IsCollisionProof>false</IsCollisionProof>
    <IsExplosionProof>false</IsExplosionProof>
    <IsFireProof>false</IsFireProof>
    <IsMeleeProof>false</IsMeleeProof>
    <IsOnlyDamagedByPlayer>false</IsOnlyDamagedByPlayer>
    <PositionRotation>
      <X>2220.86133</X>
      <Y>113.966919</Y>
      <Z>445.62674</Z>
      <Pitch>0</Pitch>
      <Roll>-0</Roll>
      <Yaw>-166.999054</Yaw>
    </PositionRotation>
  </Placement>
  <Placement>
    <ModelHash>0x58e264ac</ModelHash>
    <Type>3</Type>
    <Dynamic>false</Dynamic>
    <InitialHandle>0</InitialHandle>
    <OpacityLevel>255</OpacityLevel>
    <LodDistance>2900</LodDistance>
    <IsVisible>true</IsVisible>
    <Health>200</Health>
    <IsOnFire>false</IsOnFire>
    <IsInvincible>false</IsInvincible>
    <IsBulletProof>false</IsBulletProof>
    <IsCollisionProof>false</IsCollisionProof>
    <IsExplosionProof>false</IsExplosionProof>
    <IsFireProof>false</IsFireProof>
    <IsMeleeProof>false</IsMeleeProof>
    <IsOnlyDamagedByPlayer>false</IsOnlyDamagedByPlayer>
    <PositionRotation>
      <X>2025.70386</X>
      <Y>72.93855</Y>
      <Z>266.25238</Z>
      <Pitch>7.307617</Pitch>
      <Roll>-5.203607</Roll>
      <Yaw>-78.70688</Yaw>
    </PositionRotation>
  </Placement>
  <Placement>
    <ModelHash>0x58e264ac</ModelHash>
    <Type>3</Type>
    <Dynamic>false</Dynamic>
    <InitialHandle>0</InitialHandle>
    <OpacityLevel>255</OpacityLevel>
    <LodDistance>2900</LodDistance>
    <IsVisible>true</IsVisible>
    <Health>200</Health>
    <IsOnFire>false</IsOnFire>
    <IsInvincible>false</IsInvincible>
    <IsBulletProof>false</IsBulletProof>
    <IsCollisionProof>false</IsCollisionProof>
    <IsExplosionProof>false</IsExplosionProof>
    <IsFireProof>false</IsFireProof>
    <IsMeleeProof>false</IsMeleeProof>
    <IsOnlyDamagedByPlayer>false</IsOnlyDamagedByPlayer>
    <PositionRotation>
      <X>1939.39685</X>
      <Y>55.44739</Y>
      <Z>254.91</Z>
      <Pitch>7.307617</Pitch>
      <Roll>-5.203607</Roll>
      <Yaw>-78.70688</Yaw>
    </PositionRotation>
  </Placement>
  <Placement>
    <ModelHash>0x58e264ac</ModelHash>
    <Type>3</Type>
    <Dynamic>false</Dynamic>
    <InitialHandle>0</InitialHandle>
    <OpacityLevel>255</OpacityLevel>
    <LodDistance>2900</LodDistance>
    <IsVisible>true</IsVisible>
    <Health>200</Health>
    <IsOnFire>false</IsOnFire>
    <IsInvincible>false</IsInvincible>
    <IsBulletProof>false</IsBulletProof>
    <IsCollisionProof>false</IsCollisionProof>
    <IsExplosionProof>false</IsExplosionProof>
    <IsFireProof>false</IsFireProof>
    <IsMeleeProof>false</IsMeleeProof>
    <IsOnlyDamagedByPlayer>false</IsOnlyDamagedByPlayer>
    <PositionRotation>
      <X>1843.283</X>
      <Y>30.7778072</Y>
      <Z>199.520752</Z>
      <Pitch>7.307617</Pitch>
      <Roll>-5.203607</Roll>
      <Yaw>-78.70688</Yaw>
    </PositionRotation>
  </Placement>
  <Placement>
    <ModelHash>0x58e264ac</ModelHash>
    <Type>3</Type>
    <Dynamic>false</Dynamic>
    <InitialHandle>0</InitialHandle>
    <OpacityLevel>255</OpacityLevel>
    <LodDistance>2900</LodDistance>
    <IsVisible>true</IsVisible>
    <Health>200</Health>
    <IsOnFire>false</IsOnFire>
    <IsInvincible>false</IsInvincible>
    <IsBulletProof>false</IsBulletProof>
    <IsCollisionProof>false</IsCollisionProof>
    <IsExplosionProof>false</IsExplosionProof>
    <IsFireProof>false</IsFireProof>
    <IsMeleeProof>false</IsMeleeProof>
    <IsOnlyDamagedByPlayer>false</IsOnlyDamagedByPlayer>
    <PositionRotation>
      <X>1754.5238</X>
      <Y>27.6945</Y>
      <Z>151.773956</Z>
      <Pitch>0.00023393397</Pitch>
      <Roll>-15.4269991</Roll>
      <Yaw>99.53973</Yaw>
    </PositionRotation>
  </Placement>
  <Placement>
    <ModelHash>0x784e3c48</ModelHash>
    <Type>3</Type>
    <Dynamic>false</Dynamic>
    <InitialHandle>0</InitialHandle>
    <OpacityLevel>255</OpacityLevel>
    <LodDistance>2900</LodDistance>
    <IsVisible>true</IsVisible>
    <Health>200</Health>
    <IsOnFire>false</IsOnFire>
    <IsInvincible>false</IsInvincible>
    <IsBulletProof>false</IsBulletProof>
    <IsCollisionProof>false</IsCollisionProof>
    <IsExplosionProof>false</IsExplosionProof>
    <IsFireProof>false</IsFireProof>
    <IsMeleeProof>false</IsMeleeProof>
    <IsOnlyDamagedByPlayer>false</IsOnlyDamagedByPlayer>
    <PositionRotation>
      <X>1811.9021</X>
      <Y>33.97267</Y>
      <Z>245.387039</Z>
      <Pitch>1.05654481E-05</Pitch>
      <Roll>1.25000131</Roll>
      <Yaw>-128.4993</Yaw>
    </PositionRotation>
  </Placement>
  <Placement>
    <ModelHash>0x784e3c48</ModelHash>
    <Type>3</Type>
    <Dynamic>false</Dynamic>
    <InitialHandle>0</InitialHandle>
    <OpacityLevel>255</OpacityLevel>
    <LodDistance>2900</LodDistance>
    <IsVisible>true</IsVisible>
    <Health>200</Health>
    <IsOnFire>false</IsOnFire>
    <IsInvincible>false</IsInvincible>
    <IsBulletProof>false</IsBulletProof>
    <IsCollisionProof>false</IsCollisionProof>
    <IsExplosionProof>false</IsExplosionProof>
    <IsFireProof>false</IsFireProof>
    <IsMeleeProof>false</IsMeleeProof>
    <IsOnlyDamagedByPlayer>false</IsOnlyDamagedByPlayer>
    <PositionRotation>
      <X>1809.79553</X>
      <Y>32.0648346</Y>
      <Z>245.252045</Z>
      <Pitch>1.05654481E-05</Pitch>
      <Roll>1.25000131</Roll>
      <Yaw>-128.4993</Yaw>
    </PositionRotation>
  </Placement>
  <Placement>
    <ModelHash>0x784e3c48</ModelHash>
    <Type>3</Type>
    <Dynamic>false</Dynamic>
    <InitialHandle>0</InitialHandle>
    <OpacityLevel>255</OpacityLevel>
    <LodDistance>2900</LodDistance>
    <IsVisible>true</IsVisible>
    <Health>200</Health>
    <IsOnFire>false</IsOnFire>
    <IsInvincible>false</IsInvincible>
    <IsBulletProof>false</IsBulletProof>
    <IsCollisionProof>false</IsCollisionProof>
    <IsExplosionProof>false</IsExplosionProof>
    <IsFireProof>false</IsFireProof>
    <IsMeleeProof>false</IsMeleeProof>
    <IsOnlyDamagedByPlayer>false</IsOnlyDamagedByPlayer>
    <PositionRotation>
      <X>1807.46887</X>
      <Y>30.2817822</Y>
      <Z>245.033386</Z>
      <Pitch>1.05654481E-05</Pitch>
      <Roll>1.25000131</Roll>
      <Yaw>-128.4993</Yaw>
    </PositionRotation>
  </Placement>
  <Placement>
    <ModelHash>0x784e3c48</ModelHash>
    <Type>3</Type>
    <Dynamic>false</Dynamic>
    <InitialHandle>0</InitialHandle>
    <OpacityLevel>255</OpacityLevel>
    <LodDistance>2900</LodDistance>
    <IsVisible>true</IsVisible>
    <Health>200</Health>
    <IsOnFire>false</IsOnFire>
    <IsInvincible>false</IsInvincible>
    <IsBulletProof>false</IsBulletProof>
    <IsCollisionProof>false</IsCollisionProof>
    <IsExplosionProof>false</IsExplosionProof>
    <IsFireProof>false</IsFireProof>
    <IsMeleeProof>false</IsMeleeProof>
    <IsOnlyDamagedByPlayer>false</IsOnlyDamagedByPlayer>
    <PositionRotation>
      <X>1805.38464</X>
      <Y>28.4612827</Y>
      <Z>244.852</Z>
      <Pitch>1.05654481E-05</Pitch>
      <Roll>1.25000131</Roll>
      <Yaw>-128.4993</Yaw>
    </PositionRotation>
  </Placement>
  <Placement>
    <ModelHash>0x784e3c48</ModelHash>
    <Type>3</Type>
    <Dynamic>false</Dynamic>
    <InitialHandle>0</InitialHandle>
    <OpacityLevel>255</OpacityLevel>
    <LodDistance>2900</LodDistance>
    <IsVisible>true</IsVisible>
    <Health>200</Health>
    <IsOnFire>false</IsOnFire>
    <IsInvincible>false</IsInvincible>
    <IsBulletProof>false</IsBulletProof>
    <IsCollisionProof>false</IsCollisionProof>
    <IsExplosionProof>false</IsExplosionProof>
    <IsFireProof>false</IsFireProof>
    <IsMeleeProof>false</IsMeleeProof>
    <IsOnlyDamagedByPlayer>false</IsOnlyDamagedByPlayer>
    <PositionRotation>
      <X>1803.159</X>
      <Y>26.59489</Y>
      <Z>244.6533</Z>
      <Pitch>1.05654481E-05</Pitch>
      <Roll>1.25000131</Roll>
      <Yaw>-128.4993</Yaw>
    </PositionRotation>
  </Placement>
  <Placement>
    <ModelHash>0x017d003b</ModelHash>
    <Type>3</Type>
    <Dynamic>true</Dynamic>
    <InitialHandle>0</InitialHandle>
    <OpacityLevel>255</OpacityLevel>
    <LodDistance>2900</LodDistance>
    <IsVisible>true</IsVisible>
    <Health>200</Health>
    <IsOnFire>false</IsOnFire>
    <IsInvincible>false</IsInvincible>
    <IsBulletProof>false</IsBulletProof>
    <IsCollisionProof>false</IsCollisionProof>
    <IsExplosionProof>false</IsExplosionProof>
    <IsFireProof>false</IsFireProof>
    <IsMeleeProof>false</IsMeleeProof>
    <IsOnlyDamagedByPlayer>false</IsOnlyDamagedByPlayer>
    <PositionRotation>
      <X>1794.42053</X>
      <Y>20.4498024</Y>
      <Z>243.796234</Z>
      <Pitch>0</Pitch>
      <Roll>-0</Roll>
      <Yaw>101.000328</Yaw>
    </PositionRotation>
  </Placement>
  <Placement>
    <ModelHash>0x017d003b</ModelHash>
    <Type>3</Type>
    <Dynamic>true</Dynamic>
    <InitialHandle>0</InitialHandle>
    <OpacityLevel>255</OpacityLevel>
    <LodDistance>2900</LodDistance>
    <IsVisible>true</IsVisible>
    <Health>200</Health>
    <IsOnFire>false</IsOnFire>
    <IsInvincible>false</IsInvincible>
    <IsBulletProof>false</IsBulletProof>
    <IsCollisionProof>false</IsCollisionProof>
    <IsExplosionProof>false</IsExplosionProof>
    <IsFireProof>false</IsFireProof>
    <IsMeleeProof>false</IsMeleeProof>
    <IsOnlyDamagedByPlayer>false</IsOnlyDamagedByPlayer>
    <PositionRotation>
      <X>1793.84619</X>
      <Y>22.29622</Y>
      <Z>243.62</Z>
      <Pitch>1.02452832E-05</Pitch>
      <Roll>2.75001955</Roll>
      <Yaw>101.000282</Yaw>
    </PositionRotation>
  </Placement>
  <Placement>
    <ModelHash>0x017d003b</ModelHash>
    <Type>3</Type>
    <Dynamic>true</Dynamic>
    <InitialHandle>0</InitialHandle>
    <OpacityLevel>255</OpacityLevel>
    <LodDistance>2900</LodDistance>
    <IsVisible>true</IsVisible>
    <Health>200</Health>
    <IsOnFire>false</IsOnFire>
    <IsInvincible>false</IsInvincible>
    <IsBulletProof>false</IsBulletProof>
    <IsCollisionProof>false</IsCollisionProof>
    <IsExplosionProof>false</IsExplosionProof>
    <IsFireProof>false</IsFireProof>
    <IsMeleeProof>false</IsMeleeProof>
    <IsOnlyDamagedByPlayer>false</IsOnlyDamagedByPlayer>
    <PositionRotation>
      <X>1793.23376</X>
      <Y>24.1095619</Y>
      <Z>243.388031</Z>
      <Pitch>1.02452832E-05</Pitch>
      <Roll>2.75001955</Roll>
      <Yaw>101.000282</Yaw>
    </PositionRotation>
  </Placement>
  <Placement>
    <ModelHash>0x017d003b</ModelHash>
    <Type>3</Type>
    <Dynamic>true</Dynamic>
    <InitialHandle>0</InitialHandle>
    <OpacityLevel>255</OpacityLevel>
    <LodDistance>2900</LodDistance>
    <IsVisible>true</IsVisible>
    <Health>200</Health>
    <IsOnFire>false</IsOnFire>
    <IsInvincible>false</IsInvincible>
    <IsBulletProof>false</IsBulletProof>
    <IsCollisionProof>false</IsCollisionProof>
    <IsExplosionProof>false</IsExplosionProof>
    <IsFireProof>false</IsFireProof>
    <IsMeleeProof>false</IsMeleeProof>
    <IsOnlyDamagedByPlayer>false</IsOnlyDamagedByPlayer>
    <PositionRotation>
      <X>1792.78723</X>
      <Y>25.9792786</Y>
      <Z>243.202454</Z>
      <Pitch>1.02452832E-05</Pitch>
      <Roll>2.75001955</Roll>
      <Yaw>101.000282</Yaw>
    </PositionRotation>
  </Placement>
  <Placement>
    <ModelHash>0x58e264ac</ModelHash>
    <Type>3</Type>
    <Dynamic>false</Dynamic>
    <InitialHandle>0</InitialHandle>
    <OpacityLevel>255</OpacityLevel>
    <LodDistance>2900</LodDistance>
    <IsVisible>true</IsVisible>
    <Health>200</Health>
    <IsOnFire>false</IsOnFire>
    <IsInvincible>false</IsInvincible>
    <IsBulletProof>false</IsBulletProof>
    <IsCollisionProof>false</IsCollisionProof>
    <IsExplosionProof>false</IsExplosionProof>
    <IsFireProof>false</IsFireProof>
    <IsMeleeProof>false</IsMeleeProof>
    <IsOnlyDamagedByPlayer>false</IsOnlyDamagedByPlayer>
    <PositionRotation>
      <X>1592.3042</X>
      <Y>-10.7089148</Y>
      <Z>134.675629</Z>
      <Pitch>-0.67077744</Pitch>
      <Roll>30.5561371</Roll>
      <Yaw>78.95999</Yaw>
    </PositionRotation>
  </Placement>
  <Placement>
    <ModelHash>0x017d003b</ModelHash>
    <Type>3</Type>
    <Dynamic>true</Dynamic>
    <InitialHandle>0</InitialHandle>
    <OpacityLevel>255</OpacityLevel>
    <LodDistance>2900</LodDistance>
    <IsVisible>true</IsVisible>
    <Health>200</Health>
    <IsOnFire>false</IsOnFire>
    <IsInvincible>false</IsInvincible>
    <IsBulletProof>false</IsBulletProof>
    <IsCollisionProof>false</IsCollisionProof>
    <IsExplosionProof>false</IsExplosionProof>
    <IsFireProof>false</IsFireProof>
    <IsMeleeProof>false</IsMeleeProof>
    <IsOnlyDamagedByPlayer>false</IsOnlyDamagedByPlayer>
    <PositionRotation>
      <X>1792.37524</X>
      <Y>27.9267635</Y>
      <Z>243.11</Z>
      <Pitch>1.0458727E-05</Pitch>
      <Roll>2.75001979</Roll>
      <Yaw>100.500259</Yaw>
    </PositionRotation>
  </Placement>
  <Placement>
    <ModelHash>0xfc0d2f15</ModelHash>
    <Type>3</Type>
    <Dynamic>false</Dynamic>
    <InitialHandle>0</InitialHandle>
    <OpacityLevel>255</OpacityLevel>
    <LodDistance>2900</LodDistance>
    <IsVisible>true</IsVisible>
    <Health>200</Health>
    <IsOnFire>false</IsOnFire>
    <IsInvincible>false</IsInvincible>
    <IsBulletProof>false</IsBulletProof>
    <IsCollisionProof>false</IsCollisionProof>
    <IsExplosionProof>false</IsExplosionProof>
    <IsFireProof>false</IsFireProof>
    <IsMeleeProof>false</IsMeleeProof>
    <IsOnlyDamagedByPlayer>false</IsOnlyDamagedByPlayer>
    <PositionRotation>
      <X>1716.67212</X>
      <Y>-8.253916</Y>
      <Z>204.13</Z>
      <Pitch>0.185661182</Pitch>
      <Roll>9.585846</Roll>
      <Yaw>-171.683044</Yaw>
    </PositionRotation>
  </Placement>
  <Placement>
    <ModelHash>0xb1ca32d4</ModelHash>
    <Type>3</Type>
    <Dynamic>false</Dynamic>
    <InitialHandle>0</InitialHandle>
    <OpacityLevel>255</OpacityLevel>
    <LodDistance>2900</LodDistance>
    <IsVisible>true</IsVisible>
    <Health>200</Health>
    <IsOnFire>false</IsOnFire>
    <IsInvincible>false</IsInvincible>
    <IsBulletProof>false</IsBulletProof>
    <IsCollisionProof>false</IsCollisionProof>
    <IsExplosionProof>false</IsExplosionProof>
    <IsFireProof>false</IsFireProof>
    <IsMeleeProof>false</IsMeleeProof>
    <IsOnlyDamagedByPlayer>false</IsOnlyDamagedByPlayer>
    <PositionRotation>
      <X>1698.43091</X>
      <Y>-11.558198</Y>
      <Z>204.52</Z>
      <Pitch>0.6763749</Pitch>
      <Roll>-8.008775</Roll>
      <Yaw>-168.836166</Yaw>
    </PositionRotation>
  </Placement>
  <Placement>
    <ModelHash>0xb1ca32d4</ModelHash>
    <Type>3</Type>
    <Dynamic>false</Dynamic>
    <InitialHandle>0</InitialHandle>
    <OpacityLevel>255</OpacityLevel>
    <LodDistance>2900</LodDistance>
    <IsVisible>true</IsVisible>
    <Health>200</Health>
    <IsOnFire>false</IsOnFire>
    <IsInvincible>false</IsInvincible>
    <IsBulletProof>false</IsBulletProof>
    <IsCollisionProof>false</IsCollisionProof>
    <IsExplosionProof>false</IsExplosionProof>
    <IsFireProof>false</IsFireProof>
    <IsMeleeProof>false</IsMeleeProof>
    <IsOnlyDamagedByPlayer>false</IsOnlyDamagedByPlayer>
    <PositionRotation>
      <X>1697.73</X>
      <Y>-8.06</Y>
      <Z>204.54</Z>
      <Pitch>0.669360161</Pitch>
      <Roll>-8.259353</Roll>
      <Yaw>-168.739</Yaw>
    </PositionRotation>
  </Placement>
  <Placement>
    <ModelHash>0x84b09bf2</ModelHash>
    <Type>3</Type>
    <Dynamic>false</Dynamic>
    <InitialHandle>0</InitialHandle>
    <OpacityLevel>255</OpacityLevel>
    <LodDistance>2900</LodDistance>
    <IsVisible>true</IsVisible>
    <Health>200</Health>
    <IsOnFire>false</IsOnFire>
    <IsInvincible>false</IsInvincible>
    <IsBulletProof>false</IsBulletProof>
    <IsCollisionProof>false</IsCollisionProof>
    <IsExplosionProof>false</IsExplosionProof>
    <IsFireProof>false</IsFireProof>
    <IsMeleeProof>false</IsMeleeProof>
    <IsOnlyDamagedByPlayer>false</IsOnlyDamagedByPlayer>
    <PositionRotation>
      <X>1712.87708</X>
      <Y>5.64446163</Y>
      <Z>199.557373</Z>
      <Pitch>0</Pitch>
      <Roll>-0</Roll>
      <Yaw>-157.999176</Yaw>
    </PositionRotation>
  </Placement>
  <Placement>
    <ModelHash>0x84b09bf2</ModelHash>
    <Type>3</Type>
    <Dynamic>false</Dynamic>
    <InitialHandle>0</InitialHandle>
    <OpacityLevel>255</OpacityLevel>
    <LodDistance>2900</LodDistance>
    <IsVisible>true</IsVisible>
    <Health>200</Health>
    <IsOnFire>false</IsOnFire>
    <IsInvincible>false</IsInvincible>
    <IsBulletProof>false</IsBulletProof>
    <IsCollisionProof>false</IsCollisionProof>
    <IsExplosionProof>false</IsExplosionProof>
    <IsFireProof>false</IsFireProof>
    <IsMeleeProof>false</IsMeleeProof>
    <IsOnlyDamagedByPlayer>false</IsOnlyDamagedByPlayer>
    <PositionRotation>
      <X>1711.57422</X>
      <Y>9.276438</Y>
      <Z>199.937866</Z>
      <Pitch>0</Pitch>
      <Roll>-0</Roll>
      <Yaw>-157.999176</Yaw>
    </PositionRotation>
  </Placement>
  <Placement>
    <ModelHash>0xe8d688a8</ModelHash>
    <Type>3</Type>
    <Dynamic>false</Dynamic>
    <InitialHandle>0</InitialHandle>
    <OpacityLevel>255</OpacityLevel>
    <LodDistance>2900</LodDistance>
    <IsVisible>true</IsVisible>
    <Health>200</Health>
    <IsOnFire>false</IsOnFire>
    <IsInvincible>false</IsInvincible>
    <IsBulletProof>false</IsBulletProof>
    <IsCollisionProof>false</IsCollisionProof>
    <IsExplosionProof>false</IsExplosionProof>
    <IsFireProof>false</IsFireProof>
    <IsMeleeProof>false</IsMeleeProof>
    <IsOnlyDamagedByPlayer>false</IsOnlyDamagedByPlayer>
    <PositionRotation>
      <X>2174.797</X>
      <Y>101.50103</Y>
      <Z>391.793945</Z>
      <Pitch>0.395516336</Pitch>
      <Roll>46.18544</Roll>
      <Yaw>-167.176086</Yaw>
    </PositionRotation>
  </Placement>
  <Placement>
    <ModelHash>0xfc0d2f15</ModelHash>
    <Type>3</Type>
    <Dynamic>false</Dynamic>
    <InitialHandle>0</InitialHandle>
    <OpacityLevel>255</OpacityLevel>
    <LodDistance>2900</LodDistance>
    <IsVisible>true</IsVisible>
    <Health>200</Health>
    <IsOnFire>false</IsOnFire>
    <IsInvincible>false</IsInvincible>
    <IsBulletProof>false</IsBulletProof>
    <IsCollisionProof>false</IsCollisionProof>
    <IsExplosionProof>false</IsExplosionProof>
    <IsFireProof>false</IsFireProof>
    <IsMeleeProof>false</IsMeleeProof>
    <IsOnlyDamagedByPlayer>false</IsOnlyDamagedByPlayer>
    <PositionRotation>
      <X>1727.17358</X>
      <Y>-6.54194832</Y>
      <Z>205.311615</Z>
      <Pitch>0.185661182</Pitch>
      <Roll>9.585846</Roll>
      <Yaw>-171.683044</Yaw>
    </PositionRotation>
  </Placement>
  <Placement>
    <ModelHash>0xfc0d2f15</ModelHash>
    <Type>3</Type>
    <Dynamic>false</Dynamic>
    <InitialHandle>0</InitialHandle>
    <OpacityLevel>255</OpacityLevel>
    <LodDistance>2900</LodDistance>
    <IsVisible>true</IsVisible>
    <Health>200</Health>
    <IsOnFire>false</IsOnFire>
    <IsInvincible>false</IsInvincible>
    <IsBulletProof>false</IsBulletProof>
    <IsCollisionProof>false</IsCollisionProof>
    <IsExplosionProof>false</IsExplosionProof>
    <IsFireProof>false</IsFireProof>
    <IsMeleeProof>false</IsMeleeProof>
    <IsOnlyDamagedByPlayer>false</IsOnlyDamagedByPlayer>
    <PositionRotation>
      <X>1370.74609</X>
      <Y>-77.13902</Y>
      <Z>115.836281</Z>
      <Pitch>0.15036273</Pitch>
      <Roll>6.836655</Roll>
      <Yaw>-169.719711</Yaw>
    </PositionRotation>
  </Placement>
</SpoonerPlacements>