{
    "Custom": {
        "TEST": [
            126.135,
            -1278.583,
            29.27
        ]
    },
    "Indoor": {
        "Strip Club DJ Booth":[126.135 ,-1278.583 ,29.270],
		"Blaine County Savings Bank":[-109.299 ,6464.035 ,31.627],
		"Police Station":[436.491 , -982.172 ,30.699],
		"Humane Labs Entrance":[3619.749 ,2742.740 ,28.690],
		"Burnt FIB Building":[160.868 ,-745.831 ,250.063],
		"10 Car Garage":[229.9559, -981.7928, -99.66071],
		"Humane Labs Tunnel":[3525.495 ,3705.301 ,20.992],
		"Ammunation Office":[12.494 ,-1110.130 , 29.797],
		"Ammunation Gun Range":[ 22.153 ,-1072.854 ,29.797],
		"Trevor's Meth Lab":[1391.773 ,3608.716 ,38.942],
		"Pacific Standard Bank Vault":[255.851 , 217.030 ,101.683],
		"Lester's House":[1273.898 ,-1719.304 ,54.771],
		"Floyd's Apartment":[-1150.703 ,-1520.713 ,10.633],
		"FIB Top Floor":[135.733 ,-749.216 ,258.152],
		"IAA Office":[117.220 ,-620.938 ,206.047],
		"Pacific Standard Bank":[235.046 ,216.434 ,106.287],
		"Fort Zancudo ATC entrance":[-2344.373 ,3267.498 ,32.811],
		"Fort Zancudo ATC top floor":[-2358.132 ,3249.754 ,101.451],
		"Torture Room":[ 147.170 ,-2201.804 ,4.688]
	},
    "Outdoor": {
		"Main LS Customs":[-365.425 ,-131.809 ,37.873],
		"IAA Roof":[134.085 ,-637.859 ,262.851],
		"FIB Roof":[150.126 ,-754.591 ,262.865],
		"Maze Bank Roof":[-75.015 ,-818.215 ,326.176],
		"Top of the Mt Chilad":[450.718 ,5566.614 ,806.183],
		"Most Noortherly Point":[24.775 ,7644.102 ,19.055],
		"Vinewood Bowl Stage":[686.245 ,577.950 ,130.461],
		"Sisyphus Theater Stage":[205.316 ,1167.378 ,227.005],
		"Galileo Observatory Roof":[-438.804 ,1076.097 ,352.411],
		"Kortz Center":[-2243.810 ,264.048 ,174.615],
		"Chumash Historic Family Pier":[-3426.683 ,967.738 ,8.347],
		"Paleto Bay Pier":[-275.522 ,6635.835 ,7.425],
		"God's thumb":[-1006.402 ,6272.383 ,1.503],
		"Calafia Train Bridge":[-517.869 ,4425.284 ,89.795],
		"Altruist Cult Camp":[-1170.841 ,4926.646 ,224.295],
		"Maze Bank Arena Roof":[-324.300 ,-1968.545 ,67.002],
		"Marlowe Vineyards":[-1868.971 ,2095.674 ,139.115],
		"Hippy Camp":[2476.712 ,3789.645 ,41.226],
		"Devin Weston's House":[-2639.872 ,1866.812 ,160.135],
		"Abandon Mine":[-595.342 , 2086.008 ,131.412],
		"Weed Farm":[2208.777 ,5578.235 ,53.735],
		"Stab City":[ 126.975 ,3714.419 ,46.827],
		"Airplane Graveyard Airplane Tail":[2395.096 ,3049.616 ,60.053],
		"Satellite Dish Antenna":[2034.988 ,2953.105 ,74.602],
		"Satellite Dishes":[ 2062.123 ,2942.055 ,47.431],
		"Windmill Top":[2026.677 ,1842.684 ,133.313],
		"Sandy Shores Building Site Crane":[1051.209 ,2280.452 ,89.727],
		"Rebel Radio":[736.153 ,2583.143 ,79.634],
		"Quarry":[2954.196 ,2783.410 ,41.004],
		"Palmer-Taylor Power Station Chimney":[ 2732.931 , 1577.540 ,83.671],
		"Merryweather Dock":[ 486.417 ,-3339.692 ,6.070],
		"Cargo Ship":[899.678 ,-2882.191 ,19.013],
		"Del Perro Pier":[-1850.127 ,-1231.751 ,13.017],
		"Play Boy Mansion":[-1475.234 ,167.088,55.841],
		"Jolene Cranley-Evans Ghost":[3059.620 ,5564.246 ,197.091],
		"NOOSE Headquarters":[2535.243 ,-383.799 ,92.993],
		"Snowman":[ 971.245 ,-1620.993 ,30.111],
		"Oriental Theater":[293.089 ,180.466 ,104.301],
		"Beach Skatepark":[-1374.881 ,-1398.835 ,6.141],
		"Underpass Skatepark":[718.341 ,-1218.714 , 26.014],
		"Casino":[925.329 ,46.152 ,80.908],
		"University of San Andreas":[-1696.866 ,142.747 ,64.372],
		"La Puerta Freeway Bridge":[ -543.932 ,-2225.543 ,122.366],
		"Land Act Dam":[ 1660.369 ,-12.013 ,170.020],
		"Mount Gordo":[ 2877.633 ,5911.078 ,369.624],
		"Little Seoul":[-889.655 ,-853.499 ,20.566],
		"Epsilon Building":[-695.025 ,82.955 ,55.855 ,55.855],
		"The Richman Hotel":[-1330.911 ,340.871 ,64.078],
		"Vinewood Sign":[711.362 ,1198.134 ,348.526],
		"Los Santos Golf Club":[-1336.715 ,59.051 ,55.246],
		"Chicken":[-31.010 ,6316.830 ,40.083],
		"Little Portola":[-635.463 ,-242.402 ,38.175],
		"Pacific Bluffs Country Club":[-3022.222 ,39.968 ,13.611],
		"Vinewood Cemetery":[-1675.562866 ,-222.789780 ,55.228493],
		"Paleto Forest Sawmill Chimney":[-549.467 ,5308.221 ,114.146],
		"Mirror Park":[1070.206 ,-711.958 ,58.483],
		"Rocket":[1608.698 ,6438.096 ,37.637],
		"El Gordo Lighthouse":[3430.155 ,5174.196 ,41.280],
		"Mile High Club":[-144.274 ,-946.813 ,269.135]
    },
    "Sky": {
        "Very High Up":[-129.964 ,8130.873 ,6705.307]
    },
    "Underwater": {
        "Sunken Body":[-3161.078 ,3001.998 ,-37.974],
		"Underwater WW2 Tank":[4201.633 ,3643.821 ,-39.016],
		"Dead Sea Monster":[-3373.726 ,504.714 ,-24.656],
		"Underwater UFO":[ 762.426 ,7380.371 ,-111.377],
		"Underwater Hatch":[ 4273.950 , 2975.714 ,-170.746],
		"Sunken Plane":[ -942.350 ,6608.752 ,-20.912],
		"Sunken Cargo Ship":[3199.748 ,-379.018 ,-22.500]
    }
}