<?xml version="1.0" encoding="ISO-8859-1"?>
<Vehicle menyoo_ver="0.99987672b">
	<ModelHash>0x49863e9c</ModelHash>
	<InitialHandle>162882</InitialHandle>
	<VehicleProperties>
		<Colours>
			<Primary>12</Primary>
			<Secondary>12</Secondary>
			<Pearl>0</Pearl>
			<Rim>156</Rim>
			<Mod1_a>6</Mod1_a>
			<Mod1_b>-1</Mod1_b>
			<Mod1_c>-1</Mod1_c>
			<Mod2_a>6</Mod2_a>
			<Mod2_b>-1</Mod2_b>
			<IsPrimaryColourCustom>false</IsPrimaryColourCustom>
			<IsSecondaryColourCustom>false</IsSecondaryColourCustom>
			<tyreSmoke_R>255</tyreSmoke_R>
			<tyreSmoke_G>255</tyreSmoke_G>
			<tyreSmoke_B>255</tyreSmoke_B>
			<LrInterior>0</LrInterior>
			<LrDashboard>0</LrDashboard>
		</Colours>
		<Livery>6</Livery>
		<NumberPlateText>        </NumberPlateText>
		<NumberPlateIndex>1</NumberPlateIndex>
		<WheelType>3</WheelType>
		<WheelsInvisible>false</WheelsInvisible>
		<EngineSoundName></EngineSoundName>
		<WindowTint>-1</WindowTint>
		<BulletProofTyres>true</BulletProofTyres>
		<DirtLevel>15</DirtLevel>
		<PaintFade>1</PaintFade>
		<RoofState>0</RoofState>
		<SirenActive>false</SirenActive>
		<EngineOn>true</EngineOn>
		<EngineHealth>1000</EngineHealth>
		<LightsOn>false</LightsOn>
		<IsRadioLoud>0</IsRadioLoud>
		<LockStatus>0</LockStatus>
		<Neons>
			<Left>false</Left>
			<Right>false</Right>
			<Front>false</Front>
			<Back>false</Back>
			<R>255</R>
			<G>0</G>
			<B>255</B>
		</Neons>
		<ModExtras>
			<_1>true</_1>
			<_2>false</_2>
			<_3>false</_3>
		</ModExtras>
		<Mods>
			<_0>-1,0</_0>
			<_1>-1,0</_1>
			<_2>-1,0</_2>
			<_3>-1,0</_3>
			<_4>-1,0</_4>
			<_5>-1,0</_5>
			<_6>-1,0</_6>
			<_7>-1,0</_7>
			<_8>-1,0</_8>
			<_9>-1,0</_9>
			<_10>-1,0</_10>
			<_11>-1,0</_11>
			<_12>-1,0</_12>
			<_13>-1,0</_13>
			<_14>-1,0</_14>
			<_15>-1,0</_15>
			<_16>-1,0</_16>
			<_17>false</_17>
			<_18>true</_18>
			<_19>false</_19>
			<_20>false</_20>
			<_21>false</_21>
			<_22>false</_22>
			<_23>-1,0</_23>
			<_24>-1,0</_24>
			<_25>-1,0</_25>
			<_26>-1,0</_26>
			<_27>-1,0</_27>
			<_28>-1,0</_28>
			<_29>-1,0</_29>
			<_30>-1,0</_30>
			<_31>-1,0</_31>
			<_32>-1,0</_32>
			<_33>-1,0</_33>
			<_34>-1,0</_34>
			<_35>-1,0</_35>
			<_36>-1,0</_36>
			<_37>-1,0</_37>
			<_38>-1,0</_38>
			<_39>-1,0</_39>
			<_40>-1,0</_40>
			<_41>-1,0</_41>
			<_42>-1,0</_42>
			<_43>-1,0</_43>
			<_44>-1,0</_44>
			<_45>-1,0</_45>
			<_46>-1,0</_46>
			<_47>-1,0</_47>
			<_48>-1,0</_48>
		</Mods>
		<DoorsOpen>
			<BackLeftDoor>false</BackLeftDoor>
			<BackRightDoor>false</BackRightDoor>
			<FrontLeftDoor>false</FrontLeftDoor>
			<FrontRightDoor>false</FrontRightDoor>
			<Hood>false</Hood>
			<Trunk>false</Trunk>
			<Trunk2>false</Trunk2>
		</DoorsOpen>
		<DoorsBroken>
			<BackLeftDoor>false</BackLeftDoor>
			<BackRightDoor>false</BackRightDoor>
			<FrontLeftDoor>true</FrontLeftDoor>
			<FrontRightDoor>true</FrontRightDoor>
			<Hood>true</Hood>
			<Trunk>false</Trunk>
			<Trunk2>false</Trunk2>
		</DoorsBroken>
		<TyresBursted>
			<FrontLeft>false</FrontLeft>
			<FrontRight>false</FrontRight>
			<_2>false</_2>
			<_3>false</_3>
			<BackLeft>false</BackLeft>
			<BackRight>false</BackRight>
			<_6>false</_6>
			<_7>false</_7>
			<_8>false</_8>
		</TyresBursted>
		<RpmMultiplier>1.30000007</RpmMultiplier>
		<TorqueMultiplier>1.10000002</TorqueMultiplier>
		<MaxSpeed>33.9676666</MaxSpeed>
		<HeadlightIntensity>1</HeadlightIntensity>
	</VehicleProperties>
	<OpacityLevel>255</OpacityLevel>
	<LodDistance>500</LodDistance>
	<IsVisible>true</IsVisible>
	<IsDriverVisible>true</IsDriverVisible>
	<MaxHealth>1000</MaxHealth>
	<Health>1000</Health>
	<HasGravity>true</HasGravity>
	<IsOnFire>false</IsOnFire>
	<IsInvincible>true</IsInvincible>
	<IsBulletProof>true</IsBulletProof>
	<IsExplosionProof>true</IsExplosionProof>
	<IsFireProof>true</IsFireProof>
	<IsMeleeProof>true</IsMeleeProof>
	<IsOnlyDamagedByPlayer>false</IsOnlyDamagedByPlayer>
	<SpoonerAttachments SetAttachmentsPersistentAndAddToSpoonerDatabase="true" StartTaskSequencesOnLoad="true">
		<Attachment>
			<ModelHash>0xca88e79f</ModelHash>
			<Type>3</Type>
			<Dynamic>false</Dynamic>
			<FrozenPos>true</FrozenPos>
			<HashName>prop_rub_carwreck_13</HashName>
			<InitialHandle>143642</InitialHandle>
			<ObjectProperties>
				<TextureVariation>0</TextureVariation>
			</ObjectProperties>
			<OpacityLevel>255</OpacityLevel>
			<LodDistance>16960</LodDistance>
			<IsVisible>true</IsVisible>
			<MaxHealth>1000</MaxHealth>
			<Health>0</Health>
			<HasGravity>true</HasGravity>
			<IsOnFire>false</IsOnFire>
			<IsInvincible>true</IsInvincible>
			<IsBulletProof>false</IsBulletProof>
			<IsCollisionProof>false</IsCollisionProof>
			<IsExplosionProof>true</IsExplosionProof>
			<IsFireProof>true</IsFireProof>
			<IsMeleeProof>true</IsMeleeProof>
			<IsOnlyDamagedByPlayer>false</IsOnlyDamagedByPlayer>
			<PositionRotation>
				<X>1350.67017</X>
				<Y>2690.22974</Y>
				<Z>39.1803474</Z>
				<Pitch>-4.24293995</Pitch>
				<Roll>178.460678</Roll>
				<Yaw>-100.404762</Yaw>
			</PositionRotation>
			<Attachment isAttached="true">
				<AttachedTo>162882</AttachedTo>
				<BoneIndex>0</BoneIndex>
				<X>0.099999994</X>
				<Y>-0.49999997</Y>
				<Z>1.4000001</Z>
				<Pitch>-4.99999905</Pitch>
				<Roll>179.999969</Roll>
				<Yaw>0</Yaw>
			</Attachment>
		</Attachment>
		<Attachment>
			<ModelHash>0x0dd75614</ModelHash>
			<Type>3</Type>
			<Dynamic>false</Dynamic>
			<FrozenPos>true</FrozenPos>
			<HashName>prop_car_engine_01</HashName>
			<InitialHandle>65067</InitialHandle>
			<ObjectProperties>
				<TextureVariation>0</TextureVariation>
			</ObjectProperties>
			<OpacityLevel>255</OpacityLevel>
			<LodDistance>16960</LodDistance>
			<IsVisible>true</IsVisible>
			<MaxHealth>1000</MaxHealth>
			<Health>1000</Health>
			<HasGravity>true</HasGravity>
			<IsOnFire>false</IsOnFire>
			<IsInvincible>true</IsInvincible>
			<IsBulletProof>false</IsBulletProof>
			<IsCollisionProof>true</IsCollisionProof>
			<IsExplosionProof>true</IsExplosionProof>
			<IsFireProof>true</IsFireProof>
			<IsMeleeProof>true</IsMeleeProof>
			<IsOnlyDamagedByPlayer>false</IsOnlyDamagedByPlayer>
			<PositionRotation>
				<X>1353.1543</X>
				<Y>2689.85938</Y>
				<Z>38.4109764</Z>
				<Pitch>0.755264163</Pitch>
				<Roll>-1.53519642</Roll>
				<Yaw>-100.270607</Yaw>
			</PositionRotation>
			<Attachment isAttached="true">
				<AttachedTo>162882</AttachedTo>
				<BoneIndex>0</BoneIndex>
				<X>0</X>
				<Y>1.99999857</Y>
				<Z>0.599999785</Z>
				<Pitch>0</Pitch>
				<Roll>0</Roll>
				<Yaw>0</Yaw>
			</Attachment>
		</Attachment>
		<Attachment>
			<ModelHash>0x0dd75614</ModelHash>
			<Type>3</Type>
			<Dynamic>false</Dynamic>
			<FrozenPos>true</FrozenPos>
			<HashName>prop_car_engine_01</HashName>
			<InitialHandle>156465</InitialHandle>
			<ObjectProperties>
				<TextureVariation>0</TextureVariation>
			</ObjectProperties>
			<OpacityLevel>255</OpacityLevel>
			<LodDistance>16960</LodDistance>
			<IsVisible>true</IsVisible>
			<MaxHealth>1000</MaxHealth>
			<Health>1000</Health>
			<HasGravity>true</HasGravity>
			<IsOnFire>false</IsOnFire>
			<IsInvincible>true</IsInvincible>
			<IsBulletProof>false</IsBulletProof>
			<IsCollisionProof>true</IsCollisionProof>
			<IsExplosionProof>true</IsExplosionProof>
			<IsFireProof>true</IsFireProof>
			<IsMeleeProof>true</IsMeleeProof>
			<IsOnlyDamagedByPlayer>false</IsOnlyDamagedByPlayer>
			<PositionRotation>
				<X>1353.09656</X>
				<Y>2689.57886</Y>
				<Z>38.9287872</Z>
				<Pitch>0.755263925</Pitch>
				<Roll>-92.535202</Roll>
				<Yaw>-100.270607</Yaw>
			</PositionRotation>
			<Attachment isAttached="true">
				<AttachedTo>162882</AttachedTo>
				<BoneIndex>0</BoneIndex>
				<X>0.299999982</X>
				<Y>1.99999857</Y>
				<Z>1.10999918</Z>
				<Pitch>0</Pitch>
				<Roll>268.999969</Roll>
				<Yaw>0</Yaw>
			</Attachment>
		</Attachment>
		<Attachment>
			<ModelHash>0xd1db5101</ModelHash>
			<Type>3</Type>
			<Dynamic>false</Dynamic>
			<FrozenPos>true</FrozenPos>
			<HashName>prop_bumper_05</HashName>
			<InitialHandle>56179</InitialHandle>
			<ObjectProperties>
				<TextureVariation>0</TextureVariation>
			</ObjectProperties>
			<OpacityLevel>255</OpacityLevel>
			<LodDistance>16960</LodDistance>
			<IsVisible>true</IsVisible>
			<MaxHealth>1000</MaxHealth>
			<Health>1000</Health>
			<HasGravity>true</HasGravity>
			<IsOnFire>false</IsOnFire>
			<IsInvincible>true</IsInvincible>
			<IsBulletProof>false</IsBulletProof>
			<IsCollisionProof>true</IsCollisionProof>
			<IsExplosionProof>true</IsExplosionProof>
			<IsFireProof>true</IsFireProof>
			<IsMeleeProof>true</IsMeleeProof>
			<IsOnlyDamagedByPlayer>false</IsOnlyDamagedByPlayer>
			<PositionRotation>
				<X>1354.14392</X>
				<Y>2689.66113</Y>
				<Z>37.724472</Z>
				<Pitch>-0.728360176</Pitch>
				<Roll>5.54813957</Roll>
				<Yaw>80.7290878</Yaw>
			</PositionRotation>
			<Attachment isAttached="true">
				<AttachedTo>162882</AttachedTo>
				<BoneIndex>0</BoneIndex>
				<X>0</X>
				<Y>2.99999928</Y>
				<Z>-0.100000054</Z>
				<Pitch>0</Pitch>
				<Roll>3.99999976</Roll>
				<Yaw>180.999985</Yaw>
			</Attachment>
		</Attachment>
		<Attachment>
			<ModelHash>0x886eae84</ModelHash>
			<Type>3</Type>
			<Dynamic>false</Dynamic>
			<FrozenPos>true</FrozenPos>
			<HashName>p_num_plate_02</HashName>
			<InitialHandle>74310</InitialHandle>
			<ObjectProperties>
				<TextureVariation>0</TextureVariation>
			</ObjectProperties>
			<OpacityLevel>255</OpacityLevel>
			<LodDistance>16960</LodDistance>
			<IsVisible>true</IsVisible>
			<MaxHealth>1000</MaxHealth>
			<Health>1000</Health>
			<HasGravity>true</HasGravity>
			<IsOnFire>false</IsOnFire>
			<IsInvincible>true</IsInvincible>
			<IsBulletProof>false</IsBulletProof>
			<IsCollisionProof>true</IsCollisionProof>
			<IsExplosionProof>true</IsExplosionProof>
			<IsFireProof>true</IsFireProof>
			<IsMeleeProof>true</IsMeleeProof>
			<IsOnlyDamagedByPlayer>false</IsOnlyDamagedByPlayer>
			<PositionRotation>
				<X>1347.90076</X>
				<Y>2689.99658</Y>
				<Z>38.6641312</Z>
				<Pitch>0.755264163</Pitch>
				<Roll>-1.53519642</Roll>
				<Yaw>-100.270607</Yaw>
			</PositionRotation>
			<Attachment isAttached="true">
				<AttachedTo>162882</AttachedTo>
				<BoneIndex>0</BoneIndex>
				<X>0.810000062</X>
				<Y>-3.19000125</Y>
				<Z>0.900000095</Z>
				<Pitch>0</Pitch>
				<Roll>0</Roll>
				<Yaw>0</Yaw>
			</Attachment>
		</Attachment>
		<Attachment>
			<ModelHash>0x690a4153</ModelHash>
			<Type>2</Type>
			<Dynamic>true</Dynamic>
			<FrozenPos>false</FrozenPos>
			<HashName>Tornado</HashName>
			<InitialHandle>109425</InitialHandle>
			<VehicleProperties>
				<Colours>
					<Primary>12</Primary>
					<Secondary>0</Secondary>
					<Pearl>0</Pearl>
					<Rim>0</Rim>
					<Mod1_a>6</Mod1_a>
					<Mod1_b>-1</Mod1_b>
					<Mod1_c>-1</Mod1_c>
					<Mod2_a>6</Mod2_a>
					<Mod2_b>-1</Mod2_b>
					<IsPrimaryColourCustom>false</IsPrimaryColourCustom>
					<IsSecondaryColourCustom>false</IsSecondaryColourCustom>
					<tyreSmoke_R>255</tyreSmoke_R>
					<tyreSmoke_G>255</tyreSmoke_G>
					<tyreSmoke_B>255</tyreSmoke_B>
					<LrInterior>0</LrInterior>
					<LrDashboard>0</LrDashboard>
				</Colours>
				<Livery>-1</Livery>
				<NumberPlateText>        </NumberPlateText>
				<NumberPlateIndex>1</NumberPlateIndex>
				<WheelType>4</WheelType>
				<WheelsInvisible>false</WheelsInvisible>
				<EngineSoundName></EngineSoundName>
				<WindowTint>-1</WindowTint>
				<BulletProofTyres>false</BulletProofTyres>
				<DirtLevel>0</DirtLevel>
				<PaintFade>0.298039228</PaintFade>
				<RoofState>0</RoofState>
				<SirenActive>false</SirenActive>
				<EngineOn>false</EngineOn>
				<EngineHealth>1000</EngineHealth>
				<LightsOn>false</LightsOn>
				<IsRadioLoud>0</IsRadioLoud>
				<LockStatus>0</LockStatus>
				<Neons>
					<Left>false</Left>
					<Right>false</Right>
					<Front>false</Front>
					<Back>false</Back>
					<R>255</R>
					<G>0</G>
					<B>255</B>
				</Neons>
				<DoorsOpen>
					<BackLeftDoor>false</BackLeftDoor>
					<BackRightDoor>false</BackRightDoor>
					<FrontLeftDoor>false</FrontLeftDoor>
					<FrontRightDoor>false</FrontRightDoor>
					<Hood>false</Hood>
					<Trunk>false</Trunk>
					<Trunk2>false</Trunk2>
				</DoorsOpen>
				<DoorsBroken>
					<BackLeftDoor>false</BackLeftDoor>
					<BackRightDoor>false</BackRightDoor>
					<FrontLeftDoor>true</FrontLeftDoor>
					<FrontRightDoor>true</FrontRightDoor>
					<Hood>true</Hood>
					<Trunk>true</Trunk>
					<Trunk2>false</Trunk2>
				</DoorsBroken>
				<TyresBursted>
					<FrontLeft>true</FrontLeft>
					<FrontRight>true</FrontRight>
					<_2>false</_2>
					<_3>false</_3>
					<BackLeft>true</BackLeft>
					<BackRight>true</BackRight>
					<_6>true</_6>
					<_7>true</_7>
					<_8>false</_8>
				</TyresBursted>
				<RpmMultiplier>1</RpmMultiplier>
				<TorqueMultiplier>1</TorqueMultiplier>
				<HeadlightIntensity>1</HeadlightIntensity>
				<ModExtras>
					<_10>true</_10>
					<_11>false</_11>
					<_12>false</_12>
				</ModExtras>
				<Mods>
					<_0>-1,0</_0>
					<_1>-1,0</_1>
					<_2>-1,0</_2>
					<_3>-1,0</_3>
					<_4>-1,0</_4>
					<_5>-1,0</_5>
					<_6>-1,0</_6>
					<_7>-1,0</_7>
					<_8>-1,0</_8>
					<_9>-1,0</_9>
					<_10>-1,0</_10>
					<_11>-1,0</_11>
					<_12>-1,0</_12>
					<_13>-1,0</_13>
					<_14>-1,0</_14>
					<_15>-1,0</_15>
					<_16>-1,0</_16>
					<_17>false</_17>
					<_18>false</_18>
					<_19>false</_19>
					<_20>false</_20>
					<_21>false</_21>
					<_22>false</_22>
					<_23>0,0</_23>
					<_24>-1,0</_24>
					<_25>-1,0</_25>
					<_26>-1,0</_26>
					<_27>-1,0</_27>
					<_28>-1,0</_28>
					<_29>-1,0</_29>
					<_30>-1,0</_30>
					<_31>-1,0</_31>
					<_32>-1,0</_32>
					<_33>-1,0</_33>
					<_34>-1,0</_34>
					<_35>-1,0</_35>
					<_36>-1,0</_36>
					<_37>-1,0</_37>
					<_38>-1,0</_38>
					<_39>-1,0</_39>
					<_40>-1,0</_40>
					<_41>-1,0</_41>
					<_42>-1,0</_42>
					<_43>-1,0</_43>
					<_44>-1,0</_44>
					<_45>-1,0</_45>
					<_46>-1,0</_46>
					<_47>-1,0</_47>
					<_48>-1,0</_48>
				</Mods>
			</VehicleProperties>
			<OpacityLevel>255</OpacityLevel>
			<LodDistance>16960</LodDistance>
			<IsVisible>true</IsVisible>
			<MaxHealth>1000</MaxHealth>
			<Health>999</Health>
			<HasGravity>true</HasGravity>
			<IsOnFire>false</IsOnFire>
			<IsInvincible>true</IsInvincible>
			<IsBulletProof>false</IsBulletProof>
			<IsCollisionProof>false</IsCollisionProof>
			<IsExplosionProof>true</IsExplosionProof>
			<IsFireProof>true</IsFireProof>
			<IsMeleeProof>true</IsMeleeProof>
			<IsOnlyDamagedByPlayer>false</IsOnlyDamagedByPlayer>
			<PositionRotation>
				<X>1349.20886</X>
				<Y>2690.60693</Y>
				<Z>39.5577164</Z>
				<Pitch>-9.24112034</Pitch>
				<Roll>-1.55525303</Roll>
				<Yaw>-100.540665</Yaw>
			</PositionRotation>
			<Attachment isAttached="true">
				<AttachedTo>162882</AttachedTo>
				<BoneIndex>0</BoneIndex>
				<X>0</X>
				<Y>-2.00000024</Y>
				<Z>1.80000019</Z>
				<Pitch>-9.99999905</Pitch>
				<Roll>0</Roll>
				<Yaw>0</Yaw>
			</Attachment>
		</Attachment>
		<Attachment>
			<ModelHash>0x690a4153</ModelHash>
			<Type>2</Type>
			<Dynamic>true</Dynamic>
			<FrozenPos>false</FrozenPos>
			<HashName>Tornado</HashName>
			<InitialHandle>4931</InitialHandle>
			<VehicleProperties>
				<Colours>
					<Primary>12</Primary>
					<Secondary>0</Secondary>
					<Pearl>0</Pearl>
					<Rim>0</Rim>
					<Mod1_a>6</Mod1_a>
					<Mod1_b>-1</Mod1_b>
					<Mod1_c>-1</Mod1_c>
					<Mod2_a>6</Mod2_a>
					<Mod2_b>-1</Mod2_b>
					<IsPrimaryColourCustom>false</IsPrimaryColourCustom>
					<IsSecondaryColourCustom>false</IsSecondaryColourCustom>
					<tyreSmoke_R>255</tyreSmoke_R>
					<tyreSmoke_G>255</tyreSmoke_G>
					<tyreSmoke_B>255</tyreSmoke_B>
					<LrInterior>0</LrInterior>
					<LrDashboard>0</LrDashboard>
				</Colours>
				<Livery>-1</Livery>
				<NumberPlateText>        </NumberPlateText>
				<NumberPlateIndex>1</NumberPlateIndex>
				<WheelType>4</WheelType>
				<WheelsInvisible>false</WheelsInvisible>
				<EngineSoundName></EngineSoundName>
				<WindowTint>-1</WindowTint>
				<BulletProofTyres>false</BulletProofTyres>
				<DirtLevel>0</DirtLevel>
				<PaintFade>0.298039228</PaintFade>
				<RoofState>0</RoofState>
				<SirenActive>false</SirenActive>
				<EngineOn>true</EngineOn>
				<EngineHealth>1000</EngineHealth>
				<LightsOn>true</LightsOn>
				<IsRadioLoud>0</IsRadioLoud>
				<LockStatus>0</LockStatus>
				<Neons>
					<Left>false</Left>
					<Right>false</Right>
					<Front>false</Front>
					<Back>false</Back>
					<R>255</R>
					<G>0</G>
					<B>255</B>
				</Neons>
				<DoorsOpen>
					<BackLeftDoor>false</BackLeftDoor>
					<BackRightDoor>false</BackRightDoor>
					<FrontLeftDoor>false</FrontLeftDoor>
					<FrontRightDoor>false</FrontRightDoor>
					<Hood>false</Hood>
					<Trunk>false</Trunk>
					<Trunk2>false</Trunk2>
				</DoorsOpen>
				<DoorsBroken>
					<BackLeftDoor>false</BackLeftDoor>
					<BackRightDoor>false</BackRightDoor>
					<FrontLeftDoor>false</FrontLeftDoor>
					<FrontRightDoor>false</FrontRightDoor>
					<Hood>false</Hood>
					<Trunk>false</Trunk>
					<Trunk2>false</Trunk2>
				</DoorsBroken>
				<TyresBursted>
					<FrontLeft>true</FrontLeft>
					<FrontRight>true</FrontRight>
					<_2>false</_2>
					<_3>false</_3>
					<BackLeft>true</BackLeft>
					<BackRight>true</BackRight>
					<_6>true</_6>
					<_7>true</_7>
					<_8>false</_8>
				</TyresBursted>
				<RpmMultiplier>1</RpmMultiplier>
				<TorqueMultiplier>1</TorqueMultiplier>
				<HeadlightIntensity>1</HeadlightIntensity>
				<ModExtras>
					<_10>true</_10>
					<_11>false</_11>
					<_12>false</_12>
				</ModExtras>
				<Mods>
					<_0>-1,0</_0>
					<_1>-1,0</_1>
					<_2>-1,0</_2>
					<_3>-1,0</_3>
					<_4>-1,0</_4>
					<_5>-1,0</_5>
					<_6>-1,0</_6>
					<_7>-1,0</_7>
					<_8>-1,0</_8>
					<_9>-1,0</_9>
					<_10>-1,0</_10>
					<_11>-1,0</_11>
					<_12>-1,0</_12>
					<_13>-1,0</_13>
					<_14>-1,0</_14>
					<_15>-1,0</_15>
					<_16>-1,0</_16>
					<_17>false</_17>
					<_18>false</_18>
					<_19>false</_19>
					<_20>false</_20>
					<_21>false</_21>
					<_22>false</_22>
					<_23>0,0</_23>
					<_24>-1,0</_24>
					<_25>-1,0</_25>
					<_26>-1,0</_26>
					<_27>-1,0</_27>
					<_28>-1,0</_28>
					<_29>-1,0</_29>
					<_30>-1,0</_30>
					<_31>-1,0</_31>
					<_32>-1,0</_32>
					<_33>-1,0</_33>
					<_34>-1,0</_34>
					<_35>-1,0</_35>
					<_36>-1,0</_36>
					<_37>-1,0</_37>
					<_38>-1,0</_38>
					<_39>-1,0</_39>
					<_40>-1,0</_40>
					<_41>-1,0</_41>
					<_42>-1,0</_42>
					<_43>-1,0</_43>
					<_44>-1,0</_44>
					<_45>-1,0</_45>
					<_46>-1,0</_46>
					<_47>-1,0</_47>
					<_48>-1,0</_48>
				</Mods>
			</VehicleProperties>
			<OpacityLevel>255</OpacityLevel>
			<LodDistance>16960</LodDistance>
			<IsVisible>true</IsVisible>
			<MaxHealth>1000</MaxHealth>
			<Health>999</Health>
			<HasGravity>true</HasGravity>
			<IsOnFire>false</IsOnFire>
			<IsInvincible>true</IsInvincible>
			<IsBulletProof>false</IsBulletProof>
			<IsCollisionProof>true</IsCollisionProof>
			<IsExplosionProof>true</IsExplosionProof>
			<IsFireProof>true</IsFireProof>
			<IsMeleeProof>true</IsMeleeProof>
			<IsOnlyDamagedByPlayer>false</IsOnlyDamagedByPlayer>
			<PositionRotation>
				<X>1349.72278</X>
				<Y>2690.60181</Y>
				<Z>39.0618515</Z>
				<Pitch>-9.24112034</Pitch>
				<Roll>-1.55525303</Roll>
				<Yaw>-100.540665</Yaw>
			</PositionRotation>
			<Attachment isAttached="true">
				<AttachedTo>162882</AttachedTo>
				<BoneIndex>0</BoneIndex>
				<X>-0.099999994</X>
				<Y>-1.50000012</Y>
				<Z>1.30000007</Z>
				<Pitch>-9.99999905</Pitch>
				<Roll>0</Roll>
				<Yaw>0</Yaw>
			</Attachment>
		</Attachment>
		<Attachment>
			<ModelHash>0x690a4153</ModelHash>
			<Type>2</Type>
			<Dynamic>true</Dynamic>
			<FrozenPos>false</FrozenPos>
			<HashName>Tornado</HashName>
			<InitialHandle>34092</InitialHandle>
			<VehicleProperties>
				<Colours>
					<Primary>12</Primary>
					<Secondary>0</Secondary>
					<Pearl>0</Pearl>
					<Rim>0</Rim>
					<Mod1_a>6</Mod1_a>
					<Mod1_b>-1</Mod1_b>
					<Mod1_c>-1</Mod1_c>
					<Mod2_a>6</Mod2_a>
					<Mod2_b>-1</Mod2_b>
					<IsPrimaryColourCustom>false</IsPrimaryColourCustom>
					<IsSecondaryColourCustom>false</IsSecondaryColourCustom>
					<tyreSmoke_R>255</tyreSmoke_R>
					<tyreSmoke_G>255</tyreSmoke_G>
					<tyreSmoke_B>255</tyreSmoke_B>
					<LrInterior>0</LrInterior>
					<LrDashboard>0</LrDashboard>
				</Colours>
				<Livery>-1</Livery>
				<NumberPlateText>        </NumberPlateText>
				<NumberPlateIndex>1</NumberPlateIndex>
				<WheelType>4</WheelType>
				<WheelsInvisible>false</WheelsInvisible>
				<EngineSoundName></EngineSoundName>
				<WindowTint>-1</WindowTint>
				<BulletProofTyres>false</BulletProofTyres>
				<DirtLevel>0</DirtLevel>
				<PaintFade>0.298039228</PaintFade>
				<RoofState>0</RoofState>
				<SirenActive>false</SirenActive>
				<EngineOn>true</EngineOn>
				<EngineHealth>1000</EngineHealth>
				<LightsOn>true</LightsOn>
				<IsRadioLoud>0</IsRadioLoud>
				<LockStatus>0</LockStatus>
				<Neons>
					<Left>false</Left>
					<Right>false</Right>
					<Front>false</Front>
					<Back>false</Back>
					<R>255</R>
					<G>0</G>
					<B>255</B>
				</Neons>
				<DoorsOpen>
					<BackLeftDoor>false</BackLeftDoor>
					<BackRightDoor>false</BackRightDoor>
					<FrontLeftDoor>false</FrontLeftDoor>
					<FrontRightDoor>false</FrontRightDoor>
					<Hood>false</Hood>
					<Trunk>false</Trunk>
					<Trunk2>false</Trunk2>
				</DoorsOpen>
				<DoorsBroken>
					<BackLeftDoor>false</BackLeftDoor>
					<BackRightDoor>false</BackRightDoor>
					<FrontLeftDoor>false</FrontLeftDoor>
					<FrontRightDoor>false</FrontRightDoor>
					<Hood>false</Hood>
					<Trunk>false</Trunk>
					<Trunk2>false</Trunk2>
				</DoorsBroken>
				<TyresBursted>
					<FrontLeft>true</FrontLeft>
					<FrontRight>true</FrontRight>
					<_2>false</_2>
					<_3>false</_3>
					<BackLeft>true</BackLeft>
					<BackRight>true</BackRight>
					<_6>true</_6>
					<_7>true</_7>
					<_8>false</_8>
				</TyresBursted>
				<RpmMultiplier>1</RpmMultiplier>
				<TorqueMultiplier>1</TorqueMultiplier>
				<HeadlightIntensity>1</HeadlightIntensity>
				<ModExtras>
					<_10>true</_10>
					<_11>false</_11>
					<_12>false</_12>
				</ModExtras>
				<Mods>
					<_0>-1,0</_0>
					<_1>-1,0</_1>
					<_2>-1,0</_2>
					<_3>-1,0</_3>
					<_4>-1,0</_4>
					<_5>-1,0</_5>
					<_6>-1,0</_6>
					<_7>-1,0</_7>
					<_8>-1,0</_8>
					<_9>-1,0</_9>
					<_10>-1,0</_10>
					<_11>-1,0</_11>
					<_12>-1,0</_12>
					<_13>-1,0</_13>
					<_14>-1,0</_14>
					<_15>-1,0</_15>
					<_16>-1,0</_16>
					<_17>false</_17>
					<_18>false</_18>
					<_19>false</_19>
					<_20>false</_20>
					<_21>false</_21>
					<_22>false</_22>
					<_23>0,0</_23>
					<_24>-1,0</_24>
					<_25>-1,0</_25>
					<_26>-1,0</_26>
					<_27>-1,0</_27>
					<_28>-1,0</_28>
					<_29>-1,0</_29>
					<_30>-1,0</_30>
					<_31>-1,0</_31>
					<_32>-1,0</_32>
					<_33>-1,0</_33>
					<_34>-1,0</_34>
					<_35>-1,0</_35>
					<_36>-1,0</_36>
					<_37>-1,0</_37>
					<_38>-1,0</_38>
					<_39>-1,0</_39>
					<_40>-1,0</_40>
					<_41>-1,0</_41>
					<_42>-1,0</_42>
					<_43>-1,0</_43>
					<_44>-1,0</_44>
					<_45>-1,0</_45>
					<_46>-1,0</_46>
					<_47>-1,0</_47>
					<_48>-1,0</_48>
				</Mods>
			</VehicleProperties>
			<OpacityLevel>255</OpacityLevel>
			<LodDistance>16960</LodDistance>
			<IsVisible>true</IsVisible>
			<MaxHealth>1000</MaxHealth>
			<Health>999</Health>
			<HasGravity>true</HasGravity>
			<IsOnFire>false</IsOnFire>
			<IsInvincible>true</IsInvincible>
			<IsBulletProof>false</IsBulletProof>
			<IsCollisionProof>true</IsCollisionProof>
			<IsExplosionProof>true</IsExplosionProof>
			<IsFireProof>true</IsFireProof>
			<IsMeleeProof>true</IsMeleeProof>
			<IsOnlyDamagedByPlayer>false</IsOnlyDamagedByPlayer>
			<PositionRotation>
				<X>1349.68701</X>
				<Y>2690.40503</Y>
				<Z>39.0672073</Z>
				<Pitch>-9.24112034</Pitch>
				<Roll>-1.55525303</Roll>
				<Yaw>-100.540665</Yaw>
			</PositionRotation>
			<Attachment isAttached="true">
				<AttachedTo>162882</AttachedTo>
				<BoneIndex>0</BoneIndex>
				<X>0.099999994</X>
				<Y>-1.50000012</Y>
				<Z>1.30000007</Z>
				<Pitch>-9.99999905</Pitch>
				<Roll>0</Roll>
				<Yaw>0</Yaw>
			</Attachment>
		</Attachment>
		<Attachment>
			<ModelHash>0xca88e79f</ModelHash>
			<Type>3</Type>
			<Dynamic>false</Dynamic>
			<FrozenPos>true</FrozenPos>
			<HashName>prop_rub_carwreck_13</HashName>
			<InitialHandle>50981</InitialHandle>
			<ObjectProperties>
				<TextureVariation>0</TextureVariation>
			</ObjectProperties>
			<OpacityLevel>255</OpacityLevel>
			<LodDistance>16960</LodDistance>
			<IsVisible>true</IsVisible>
			<MaxHealth>1000</MaxHealth>
			<Health>0</Health>
			<HasGravity>true</HasGravity>
			<IsOnFire>false</IsOnFire>
			<IsInvincible>true</IsInvincible>
			<IsBulletProof>false</IsBulletProof>
			<IsCollisionProof>false</IsCollisionProof>
			<IsExplosionProof>true</IsExplosionProof>
			<IsFireProof>true</IsFireProof>
			<IsMeleeProof>true</IsMeleeProof>
			<IsOnlyDamagedByPlayer>false</IsOnlyDamagedByPlayer>
			<PositionRotation>
				<X>1350.70581</X>
				<Y>2690.42651</Y>
				<Z>39.1749878</Z>
				<Pitch>-4.24293995</Pitch>
				<Roll>178.460678</Roll>
				<Yaw>-100.404762</Yaw>
			</PositionRotation>
			<Attachment isAttached="true">
				<AttachedTo>162882</AttachedTo>
				<BoneIndex>0</BoneIndex>
				<X>-0.0999993384</X>
				<Y>-0.49999997</Y>
				<Z>1.4000001</Z>
				<Pitch>-4.99999905</Pitch>
				<Roll>179.999969</Roll>
				<Yaw>0</Yaw>
			</Attachment>
		</Attachment>
		<Attachment>
			<ModelHash>0x86cf7cdd</ModelHash>
			<Type>2</Type>
			<Dynamic>true</Dynamic>
			<FrozenPos>false</FrozenPos>
			<HashName>Tornado</HashName>
			<InitialHandle>83526</InitialHandle>
			<VehicleProperties>
				<Colours>
					<Primary>12</Primary>
					<Secondary>12</Secondary>
					<Pearl>0</Pearl>
					<Rim>0</Rim>
					<Mod1_a>6</Mod1_a>
					<Mod1_b>-1</Mod1_b>
					<Mod1_c>-1</Mod1_c>
					<Mod2_a>6</Mod2_a>
					<Mod2_b>-1</Mod2_b>
					<IsPrimaryColourCustom>false</IsPrimaryColourCustom>
					<IsSecondaryColourCustom>false</IsSecondaryColourCustom>
					<tyreSmoke_R>255</tyreSmoke_R>
					<tyreSmoke_G>255</tyreSmoke_G>
					<tyreSmoke_B>255</tyreSmoke_B>
					<LrInterior>0</LrInterior>
					<LrDashboard>0</LrDashboard>
				</Colours>
				<Livery>-1</Livery>
				<NumberPlateText>        </NumberPlateText>
				<NumberPlateIndex>1</NumberPlateIndex>
				<WheelType>4</WheelType>
				<WheelsInvisible>false</WheelsInvisible>
				<EngineSoundName></EngineSoundName>
				<WindowTint>-1</WindowTint>
				<BulletProofTyres>false</BulletProofTyres>
				<DirtLevel>0</DirtLevel>
				<PaintFade>0.298039228</PaintFade>
				<RoofState>0</RoofState>
				<SirenActive>false</SirenActive>
				<EngineOn>false</EngineOn>
				<EngineHealth>1000</EngineHealth>
				<LightsOn>false</LightsOn>
				<IsRadioLoud>0</IsRadioLoud>
				<LockStatus>0</LockStatus>
				<Neons>
					<Left>false</Left>
					<Right>false</Right>
					<Front>false</Front>
					<Back>false</Back>
					<R>255</R>
					<G>0</G>
					<B>255</B>
				</Neons>
				<DoorsOpen>
					<BackLeftDoor>false</BackLeftDoor>
					<BackRightDoor>false</BackRightDoor>
					<FrontLeftDoor>false</FrontLeftDoor>
					<FrontRightDoor>false</FrontRightDoor>
					<Hood>false</Hood>
					<Trunk>false</Trunk>
					<Trunk2>false</Trunk2>
				</DoorsOpen>
				<DoorsBroken>
					<BackLeftDoor>false</BackLeftDoor>
					<BackRightDoor>false</BackRightDoor>
					<FrontLeftDoor>false</FrontLeftDoor>
					<FrontRightDoor>false</FrontRightDoor>
					<Hood>false</Hood>
					<Trunk>false</Trunk>
					<Trunk2>false</Trunk2>
				</DoorsBroken>
				<TyresBursted>
					<FrontLeft>true</FrontLeft>
					<FrontRight>true</FrontRight>
					<_2>false</_2>
					<_3>false</_3>
					<BackLeft>true</BackLeft>
					<BackRight>true</BackRight>
					<_6>true</_6>
					<_7>true</_7>
					<_8>false</_8>
				</TyresBursted>
				<RpmMultiplier>1</RpmMultiplier>
				<TorqueMultiplier>1</TorqueMultiplier>
				<HeadlightIntensity>1</HeadlightIntensity>
				<ModExtras />
				<Mods>
					<_0>-1,0</_0>
					<_1>-1,0</_1>
					<_2>-1,0</_2>
					<_3>-1,0</_3>
					<_4>-1,0</_4>
					<_5>-1,0</_5>
					<_6>-1,0</_6>
					<_7>-1,0</_7>
					<_8>-1,0</_8>
					<_9>-1,0</_9>
					<_10>-1,0</_10>
					<_11>-1,0</_11>
					<_12>-1,0</_12>
					<_13>-1,0</_13>
					<_14>-1,0</_14>
					<_15>-1,0</_15>
					<_16>-1,0</_16>
					<_17>false</_17>
					<_18>false</_18>
					<_19>false</_19>
					<_20>false</_20>
					<_21>false</_21>
					<_22>false</_22>
					<_23>0,0</_23>
					<_24>-1,0</_24>
					<_25>-1,0</_25>
					<_26>-1,0</_26>
					<_27>-1,0</_27>
					<_28>-1,0</_28>
					<_29>-1,0</_29>
					<_30>-1,0</_30>
					<_31>-1,0</_31>
					<_32>-1,0</_32>
					<_33>-1,0</_33>
					<_34>-1,0</_34>
					<_35>-1,0</_35>
					<_36>-1,0</_36>
					<_37>-1,0</_37>
					<_38>-1,0</_38>
					<_39>-1,0</_39>
					<_40>-1,0</_40>
					<_41>-1,0</_41>
					<_42>-1,0</_42>
					<_43>-1,0</_43>
					<_44>-1,0</_44>
					<_45>-1,0</_45>
					<_46>-1,0</_46>
					<_47>-1,0</_47>
					<_48>-1,0</_48>
				</Mods>
			</VehicleProperties>
			<OpacityLevel>255</OpacityLevel>
			<LodDistance>16960</LodDistance>
			<IsVisible>true</IsVisible>
			<MaxHealth>1000</MaxHealth>
			<Health>999</Health>
			<HasGravity>true</HasGravity>
			<IsOnFire>false</IsOnFire>
			<IsInvincible>true</IsInvincible>
			<IsBulletProof>false</IsBulletProof>
			<IsCollisionProof>true</IsCollisionProof>
			<IsExplosionProof>true</IsExplosionProof>
			<IsFireProof>true</IsFireProof>
			<IsMeleeProof>true</IsMeleeProof>
			<IsOnlyDamagedByPlayer>false</IsOnlyDamagedByPlayer>
			<PositionRotation>
				<X>1352.16956</X>
				<Y>2690.04053</Y>
				<Z>38.4977493</Z>
				<Pitch>-9.24112034</Pitch>
				<Roll>-1.55525303</Roll>
				<Yaw>-100.540665</Yaw>
			</PositionRotation>
			<Attachment isAttached="true">
				<AttachedTo>162882</AttachedTo>
				<BoneIndex>0</BoneIndex>
				<X>0</X>
				<Y>0.99999994</Y>
				<Z>0.699999928</Z>
				<Pitch>-9.99999905</Pitch>
				<Roll>0</Roll>
				<Yaw>0</Yaw>
			</Attachment>
		</Attachment>
		<Attachment>
			<ModelHash>0x86cf7cdd</ModelHash>
			<Type>2</Type>
			<Dynamic>true</Dynamic>
			<FrozenPos>false</FrozenPos>
			<HashName>Tornado</HashName>
			<InitialHandle>89150</InitialHandle>
			<VehicleProperties>
				<Colours>
					<Primary>12</Primary>
					<Secondary>12</Secondary>
					<Pearl>0</Pearl>
					<Rim>0</Rim>
					<Mod1_a>6</Mod1_a>
					<Mod1_b>-1</Mod1_b>
					<Mod1_c>-1</Mod1_c>
					<Mod2_a>6</Mod2_a>
					<Mod2_b>-1</Mod2_b>
					<IsPrimaryColourCustom>false</IsPrimaryColourCustom>
					<IsSecondaryColourCustom>false</IsSecondaryColourCustom>
					<tyreSmoke_R>255</tyreSmoke_R>
					<tyreSmoke_G>255</tyreSmoke_G>
					<tyreSmoke_B>255</tyreSmoke_B>
					<LrInterior>0</LrInterior>
					<LrDashboard>0</LrDashboard>
				</Colours>
				<Livery>-1</Livery>
				<NumberPlateText>        </NumberPlateText>
				<NumberPlateIndex>1</NumberPlateIndex>
				<WheelType>4</WheelType>
				<WheelsInvisible>false</WheelsInvisible>
				<EngineSoundName></EngineSoundName>
				<WindowTint>-1</WindowTint>
				<BulletProofTyres>false</BulletProofTyres>
				<DirtLevel>0</DirtLevel>
				<PaintFade>0.298039228</PaintFade>
				<RoofState>0</RoofState>
				<SirenActive>false</SirenActive>
				<EngineOn>true</EngineOn>
				<EngineHealth>381.514862</EngineHealth>
				<LightsOn>true</LightsOn>
				<IsRadioLoud>0</IsRadioLoud>
				<LockStatus>0</LockStatus>
				<Neons>
					<Left>false</Left>
					<Right>false</Right>
					<Front>false</Front>
					<Back>false</Back>
					<R>255</R>
					<G>0</G>
					<B>255</B>
				</Neons>
				<DoorsOpen>
					<BackLeftDoor>false</BackLeftDoor>
					<BackRightDoor>false</BackRightDoor>
					<FrontLeftDoor>false</FrontLeftDoor>
					<FrontRightDoor>false</FrontRightDoor>
					<Hood>false</Hood>
					<Trunk>false</Trunk>
					<Trunk2>false</Trunk2>
				</DoorsOpen>
				<DoorsBroken>
					<BackLeftDoor>false</BackLeftDoor>
					<BackRightDoor>false</BackRightDoor>
					<FrontLeftDoor>true</FrontLeftDoor>
					<FrontRightDoor>true</FrontRightDoor>
					<Hood>true</Hood>
					<Trunk>true</Trunk>
					<Trunk2>false</Trunk2>
				</DoorsBroken>
				<TyresBursted>
					<FrontLeft>true</FrontLeft>
					<FrontRight>true</FrontRight>
					<_2>false</_2>
					<_3>false</_3>
					<BackLeft>true</BackLeft>
					<BackRight>true</BackRight>
					<_6>true</_6>
					<_7>true</_7>
					<_8>false</_8>
				</TyresBursted>
				<RpmMultiplier>1</RpmMultiplier>
				<TorqueMultiplier>1</TorqueMultiplier>
				<HeadlightIntensity>1</HeadlightIntensity>
				<ModExtras />
				<Mods>
					<_0>-1,0</_0>
					<_1>-1,0</_1>
					<_2>-1,0</_2>
					<_3>-1,0</_3>
					<_4>-1,0</_4>
					<_5>-1,0</_5>
					<_6>-1,0</_6>
					<_7>-1,0</_7>
					<_8>-1,0</_8>
					<_9>-1,0</_9>
					<_10>-1,0</_10>
					<_11>-1,0</_11>
					<_12>-1,0</_12>
					<_13>-1,0</_13>
					<_14>-1,0</_14>
					<_15>-1,0</_15>
					<_16>-1,0</_16>
					<_17>false</_17>
					<_18>false</_18>
					<_19>false</_19>
					<_20>false</_20>
					<_21>false</_21>
					<_22>false</_22>
					<_23>0,0</_23>
					<_24>-1,0</_24>
					<_25>-1,0</_25>
					<_26>-1,0</_26>
					<_27>-1,0</_27>
					<_28>-1,0</_28>
					<_29>-1,0</_29>
					<_30>-1,0</_30>
					<_31>-1,0</_31>
					<_32>-1,0</_32>
					<_33>-1,0</_33>
					<_34>-1,0</_34>
					<_35>-1,0</_35>
					<_36>-1,0</_36>
					<_37>-1,0</_37>
					<_38>-1,0</_38>
					<_39>-1,0</_39>
					<_40>-1,0</_40>
					<_41>-1,0</_41>
					<_42>-1,0</_42>
					<_43>-1,0</_43>
					<_44>-1,0</_44>
					<_45>-1,0</_45>
					<_46>-1,0</_46>
					<_47>-1,0</_47>
					<_48>-1,0</_48>
				</Mods>
			</VehicleProperties>
			<OpacityLevel>255</OpacityLevel>
			<LodDistance>16960</LodDistance>
			<IsVisible>true</IsVisible>
			<MaxHealth>1000</MaxHealth>
			<Health>0</Health>
			<HasGravity>true</HasGravity>
			<IsOnFire>false</IsOnFire>
			<IsInvincible>false</IsInvincible>
			<IsBulletProof>false</IsBulletProof>
			<IsCollisionProof>true</IsCollisionProof>
			<IsExplosionProof>false</IsExplosionProof>
			<IsFireProof>false</IsFireProof>
			<IsMeleeProof>false</IsMeleeProof>
			<IsOnlyDamagedByPlayer>false</IsOnlyDamagedByPlayer>
			<PositionRotation>
				<X>1352.06873</X>
				<Y>2690.06689</Y>
				<Z>38.796299</Z>
				<Pitch>-9.24112034</Pitch>
				<Roll>-1.55525303</Roll>
				<Yaw>-100.540665</Yaw>
			</PositionRotation>
			<Attachment isAttached="true">
				<AttachedTo>162882</AttachedTo>
				<BoneIndex>0</BoneIndex>
				<X>0</X>
				<Y>0.899999976</Y>
				<Z>1</Z>
				<Pitch>-9.99999905</Pitch>
				<Roll>0</Roll>
				<Yaw>0</Yaw>
			</Attachment>
		</Attachment>
		<Attachment>
			<ModelHash>0x8b15792e</ModelHash>
			<Type>3</Type>
			<Dynamic>false</Dynamic>
			<FrozenPos>true</FrozenPos>
			<HashName>prop_roofpipe_03</HashName>
			<InitialHandle>50758</InitialHandle>
			<ObjectProperties>
				<TextureVariation>0</TextureVariation>
			</ObjectProperties>
			<OpacityLevel>255</OpacityLevel>
			<LodDistance>16960</LodDistance>
			<IsVisible>true</IsVisible>
			<MaxHealth>1000</MaxHealth>
			<Health>1000</Health>
			<HasGravity>true</HasGravity>
			<IsOnFire>false</IsOnFire>
			<IsInvincible>true</IsInvincible>
			<IsBulletProof>false</IsBulletProof>
			<IsCollisionProof>true</IsCollisionProof>
			<IsExplosionProof>true</IsExplosionProof>
			<IsFireProof>true</IsFireProof>
			<IsMeleeProof>true</IsMeleeProof>
			<IsOnlyDamagedByPlayer>false</IsOnlyDamagedByPlayer>
			<PositionRotation>
				<X>1352.32471</X>
				<Y>2690.75342</Y>
				<Z>38.0783691</Z>
				<Pitch>-0.0835806206</Pitch>
				<Roll>-111.708801</Roll>
				<Yaw>-71.2819672</Yaw>
			</PositionRotation>
			<Attachment isAttached="true">
				<AttachedTo>162882</AttachedTo>
				<BoneIndex>0</BoneIndex>
				<X>-0.73999989</X>
				<Y>1.01999986</Y>
				<Z>0.299999923</Z>
				<Pitch>0</Pitch>
				<Roll>-109.999985</Roll>
				<Yaw>28.9999962</Yaw>
			</Attachment>
		</Attachment>
		<Attachment>
			<ModelHash>0x8b15792e</ModelHash>
			<Type>3</Type>
			<Dynamic>false</Dynamic>
			<FrozenPos>true</FrozenPos>
			<HashName>prop_roofpipe_03</HashName>
			<InitialHandle>26698</InitialHandle>
			<ObjectProperties>
				<TextureVariation>0</TextureVariation>
			</ObjectProperties>
			<OpacityLevel>255</OpacityLevel>
			<LodDistance>16960</LodDistance>
			<IsVisible>true</IsVisible>
			<MaxHealth>1000</MaxHealth>
			<Health>0</Health>
			<HasGravity>true</HasGravity>
			<IsOnFire>false</IsOnFire>
			<IsInvincible>true</IsInvincible>
			<IsBulletProof>false</IsBulletProof>
			<IsCollisionProof>true</IsCollisionProof>
			<IsExplosionProof>true</IsExplosionProof>
			<IsFireProof>true</IsFireProof>
			<IsMeleeProof>true</IsMeleeProof>
			<IsOnlyDamagedByPlayer>false</IsOnlyDamagedByPlayer>
			<PositionRotation>
				<X>1352.04785</X>
				<Y>2689.34058</Y>
				<Z>38.1166801</Z>
				<Pitch>1.42164218</Pitch>
				<Roll>109.048004</Roll>
				<Yaw>-130.268906</Yaw>
			</PositionRotation>
			<Attachment isAttached="true">
				<AttachedTo>162882</AttachedTo>
				<BoneIndex>0</BoneIndex>
				<X>0.699999928</X>
				<Y>1</Y>
				<Z>0.299999923</Z>
				<Pitch>0</Pitch>
				<Roll>109.999992</Roll>
				<Yaw>-29.9999962</Yaw>
			</Attachment>
		</Attachment>
		<Attachment>
			<ModelHash>0x8b15792e</ModelHash>
			<Type>3</Type>
			<Dynamic>false</Dynamic>
			<FrozenPos>true</FrozenPos>
			<HashName>prop_roofpipe_03</HashName>
			<InitialHandle>69947</InitialHandle>
			<ObjectProperties>
				<TextureVariation>0</TextureVariation>
			</ObjectProperties>
			<OpacityLevel>255</OpacityLevel>
			<LodDistance>16960</LodDistance>
			<IsVisible>true</IsVisible>
			<MaxHealth>1000</MaxHealth>
			<Health>1000</Health>
			<HasGravity>true</HasGravity>
			<IsOnFire>false</IsOnFire>
			<IsInvincible>true</IsInvincible>
			<IsBulletProof>false</IsBulletProof>
			<IsCollisionProof>true</IsCollisionProof>
			<IsExplosionProof>true</IsExplosionProof>
			<IsFireProof>true</IsFireProof>
			<IsMeleeProof>true</IsMeleeProof>
			<IsOnlyDamagedByPlayer>false</IsOnlyDamagedByPlayer>
			<PositionRotation>
				<X>1352.32056</X>
				<Y>2690.76758</Y>
				<Z>38.5781479</Z>
				<Pitch>-0.0835806206</Pitch>
				<Roll>-111.708801</Roll>
				<Yaw>-71.2819672</Yaw>
			</PositionRotation>
			<Attachment isAttached="true">
				<AttachedTo>162882</AttachedTo>
				<BoneIndex>0</BoneIndex>
				<X>-0.73999989</X>
				<Y>1.01999986</Y>
				<Z>0.799999952</Z>
				<Pitch>0</Pitch>
				<Roll>-109.999985</Roll>
				<Yaw>28.9999962</Yaw>
			</Attachment>
		</Attachment>
		<Attachment>
			<ModelHash>0x8b15792e</ModelHash>
			<Type>3</Type>
			<Dynamic>false</Dynamic>
			<FrozenPos>true</FrozenPos>
			<HashName>prop_roofpipe_03</HashName>
			<InitialHandle>2324</InitialHandle>
			<ObjectProperties>
				<TextureVariation>0</TextureVariation>
			</ObjectProperties>
			<OpacityLevel>255</OpacityLevel>
			<LodDistance>16960</LodDistance>
			<IsVisible>true</IsVisible>
			<MaxHealth>1000</MaxHealth>
			<Health>0</Health>
			<HasGravity>true</HasGravity>
			<IsOnFire>false</IsOnFire>
			<IsInvincible>true</IsInvincible>
			<IsBulletProof>false</IsBulletProof>
			<IsCollisionProof>true</IsCollisionProof>
			<IsExplosionProof>true</IsExplosionProof>
			<IsFireProof>true</IsFireProof>
			<IsMeleeProof>true</IsMeleeProof>
			<IsOnlyDamagedByPlayer>false</IsOnlyDamagedByPlayer>
			<PositionRotation>
				<X>1352.0437</X>
				<Y>2689.35498</Y>
				<Z>38.6164589</Z>
				<Pitch>1.42164218</Pitch>
				<Roll>109.048004</Roll>
				<Yaw>-130.268906</Yaw>
			</PositionRotation>
			<Attachment isAttached="true">
				<AttachedTo>162882</AttachedTo>
				<BoneIndex>0</BoneIndex>
				<X>0.699999928</X>
				<Y>1</Y>
				<Z>0.799999952</Z>
				<Pitch>0</Pitch>
				<Roll>109.999992</Roll>
				<Yaw>-29.9999962</Yaw>
			</Attachment>
		</Attachment>
		<Attachment>
			<ModelHash>0xd541462d</ModelHash>
			<Type>3</Type>
			<Dynamic>false</Dynamic>
			<FrozenPos>true</FrozenPos>
			<HashName>p_ld_soc_ball_01</HashName>
			<InitialHandle>164127</InitialHandle>
			<TaskSequence>
				<Task>
					<Type>39</Type>
					<Duration>-2147483500</Duration>
					<KeepTaskRunningAfterTime>-2</KeepTaskRunningAfterTime>
					<IsLoopedTask>true</IsLoopedTask>
					<Delay>500</Delay>
					<AssetName>core</AssetName>
					<EffectName>ent_sht_flame</EffectName>
					<Scale>3.99999714</Scale>
					<Colour R="255" G="255" B="255" A="255" />
					<RelativePosition X="0" Y="0" Z="0" />
					<RelativeRotation X="0" Y="0" Z="0" />
				</Task>
			</TaskSequence>
			<ObjectProperties>
				<TextureVariation>0</TextureVariation>
			</ObjectProperties>
			<OpacityLevel>255</OpacityLevel>
			<LodDistance>16960</LodDistance>
			<IsVisible>false</IsVisible>
			<MaxHealth>1000</MaxHealth>
			<Health>0</Health>
			<HasGravity>true</HasGravity>
			<IsOnFire>true</IsOnFire>
			<IsInvincible>true</IsInvincible>
			<IsBulletProof>false</IsBulletProof>
			<IsCollisionProof>true</IsCollisionProof>
			<IsExplosionProof>true</IsExplosionProof>
			<IsFireProof>true</IsFireProof>
			<IsMeleeProof>true</IsMeleeProof>
			<IsOnlyDamagedByPlayer>false</IsOnlyDamagedByPlayer>
			<PositionRotation>
				<X>1351.20801</X>
				<Y>2688.35596</Y>
				<Z>38.1781006</Z>
				<Pitch>1.42164421</Pitch>
				<Roll>89.0480042</Roll>
				<Yaw>-130.268906</Yaw>
			</PositionRotation>
			<Attachment isAttached="true">
				<AttachedTo>162882</AttachedTo>
				<BoneIndex>0</BoneIndex>
				<X>1.82000005</X>
				<Y>0.349999964</Y>
				<Z>0.340000033</Z>
				<Pitch>0</Pitch>
				<Roll>89.9999847</Roll>
				<Yaw>-29.9999962</Yaw>
			</Attachment>
		</Attachment>
		<Attachment>
			<ModelHash>0xd541462d</ModelHash>
			<Type>3</Type>
			<Dynamic>false</Dynamic>
			<FrozenPos>true</FrozenPos>
			<HashName>p_ld_soc_ball_01</HashName>
			<InitialHandle>160839</InitialHandle>
			<TaskSequence>
				<Task>
					<Type>39</Type>
					<Duration>-2147483500</Duration>
					<KeepTaskRunningAfterTime>-2</KeepTaskRunningAfterTime>
					<IsLoopedTask>true</IsLoopedTask>
					<Delay>500</Delay>
					<AssetName>core</AssetName>
					<EffectName>ent_sht_flame</EffectName>
					<Scale>3.99999714</Scale>
					<Colour R="255" G="255" B="255" A="255" />
					<RelativePosition X="0" Y="0" Z="0" />
					<RelativeRotation X="0" Y="0" Z="0" />
				</Task>
			</TaskSequence>
			<ObjectProperties>
				<TextureVariation>0</TextureVariation>
			</ObjectProperties>
			<OpacityLevel>255</OpacityLevel>
			<LodDistance>16960</LodDistance>
			<IsVisible>false</IsVisible>
			<MaxHealth>1000</MaxHealth>
			<Health>0</Health>
			<HasGravity>true</HasGravity>
			<IsOnFire>true</IsOnFire>
			<IsInvincible>true</IsInvincible>
			<IsBulletProof>false</IsBulletProof>
			<IsCollisionProof>true</IsCollisionProof>
			<IsExplosionProof>true</IsExplosionProof>
			<IsFireProof>true</IsFireProof>
			<IsMeleeProof>true</IsMeleeProof>
			<IsOnlyDamagedByPlayer>false</IsOnlyDamagedByPlayer>
			<PositionRotation>
				<X>1351.21204</X>
				<Y>2688.34155</Y>
				<Z>37.6783218</Z>
				<Pitch>1.66147709</Pitch>
				<Roll>99.5917511</Roll>
				<Yaw>-150.274811</Yaw>
			</PositionRotation>
			<Attachment isAttached="true">
				<AttachedTo>162882</AttachedTo>
				<BoneIndex>0</BoneIndex>
				<X>1.82000005</X>
				<Y>0.349999964</Y>
				<Z>-0.159999922</Z>
				<Pitch>0</Pitch>
				<Roll>99.9999847</Roll>
				<Yaw>-49.9999924</Yaw>
			</Attachment>
		</Attachment>
		<Attachment>
			<ModelHash>0xd541462d</ModelHash>
			<Type>3</Type>
			<Dynamic>false</Dynamic>
			<FrozenPos>true</FrozenPos>
			<HashName>p_ld_soc_ball_01</HashName>
			<InitialHandle>63037</InitialHandle>
			<TaskSequence>
				<Task>
					<Type>39</Type>
					<Duration>-2147483500</Duration>
					<KeepTaskRunningAfterTime>-2</KeepTaskRunningAfterTime>
					<IsLoopedTask>true</IsLoopedTask>
					<Delay>500</Delay>
					<AssetName>core</AssetName>
					<EffectName>ent_sht_flame</EffectName>
					<Scale>3.99999714</Scale>
					<Colour R="255" G="255" B="255" A="255" />
					<RelativePosition X="0" Y="0" Z="0" />
					<RelativeRotation X="0" Y="0" Z="0" />
				</Task>
			</TaskSequence>
			<ObjectProperties>
				<TextureVariation>0</TextureVariation>
			</ObjectProperties>
			<OpacityLevel>255</OpacityLevel>
			<LodDistance>16960</LodDistance>
			<IsVisible>false</IsVisible>
			<MaxHealth>1000</MaxHealth>
			<Health>0</Health>
			<HasGravity>true</HasGravity>
			<IsOnFire>true</IsOnFire>
			<IsInvincible>true</IsInvincible>
			<IsBulletProof>false</IsBulletProof>
			<IsCollisionProof>true</IsCollisionProof>
			<IsExplosionProof>true</IsExplosionProof>
			<IsFireProof>true</IsFireProof>
			<IsMeleeProof>true</IsMeleeProof>
			<IsOnlyDamagedByPlayer>false</IsOnlyDamagedByPlayer>
			<PositionRotation>
				<X>1351.87195</X>
				<Y>2691.98364</Y>
				<Z>37.6791611</Z>
				<Pitch>0.690347314</Pitch>
				<Roll>101.565445</Roll>
				<Yaw>129.709854</Yaw>
			</PositionRotation>
			<Attachment isAttached="true">
				<AttachedTo>162882</AttachedTo>
				<BoneIndex>0</BoneIndex>
				<X>-1.87999988</X>
				<Y>0.349999964</Y>
				<Z>-0.0599999353</Z>
				<Pitch>0</Pitch>
				<Roll>99.9999847</Roll>
				<Yaw>-129.999985</Yaw>
			</Attachment>
		</Attachment>
		<Attachment>
			<ModelHash>0xd541462d</ModelHash>
			<Type>3</Type>
			<Dynamic>false</Dynamic>
			<FrozenPos>true</FrozenPos>
			<HashName>p_ld_soc_ball_01</HashName>
			<InitialHandle>150832</InitialHandle>
			<TaskSequence>
				<Task>
					<Type>39</Type>
					<Duration>-2147483500</Duration>
					<KeepTaskRunningAfterTime>-2</KeepTaskRunningAfterTime>
					<IsLoopedTask>true</IsLoopedTask>
					<Delay>500</Delay>
					<AssetName>core</AssetName>
					<EffectName>ent_sht_flame</EffectName>
					<Scale>3.99999714</Scale>
					<Colour R="255" G="255" B="255" A="255" />
					<RelativePosition X="0" Y="0" Z="0" />
					<RelativeRotation X="0" Y="0" Z="0" />
				</Task>
			</TaskSequence>
			<ObjectProperties>
				<TextureVariation>0</TextureVariation>
			</ObjectProperties>
			<OpacityLevel>255</OpacityLevel>
			<LodDistance>16960</LodDistance>
			<IsVisible>false</IsVisible>
			<MaxHealth>1000</MaxHealth>
			<Health>0</Health>
			<HasGravity>true</HasGravity>
			<IsOnFire>true</IsOnFire>
			<IsInvincible>true</IsInvincible>
			<IsBulletProof>false</IsBulletProof>
			<IsCollisionProof>true</IsCollisionProof>
			<IsExplosionProof>true</IsExplosionProof>
			<IsFireProof>true</IsFireProof>
			<IsMeleeProof>true</IsMeleeProof>
			<IsOnlyDamagedByPlayer>false</IsOnlyDamagedByPlayer>
			<PositionRotation>
				<X>1351.86792</X>
				<Y>2691.99805</Y>
				<Z>38.178936</Z>
				<Pitch>-0.00595837925</Pitch>
				<Roll>93.7108612</Roll>
				<Yaw>105.719368</Yaw>
			</PositionRotation>
			<Attachment isAttached="true">
				<AttachedTo>162882</AttachedTo>
				<BoneIndex>0</BoneIndex>
				<X>-1.87999988</X>
				<Y>0.349999964</Y>
				<Z>0.440000027</Z>
				<Pitch>0</Pitch>
				<Roll>91.9999847</Roll>
				<Yaw>-153.999985</Yaw>
			</Attachment>
		</Attachment>
		<Attachment>
			<ModelHash>0xdf1c9a9d</ModelHash>
			<Type>3</Type>
			<Dynamic>true</Dynamic>
			<FrozenPos>true</FrozenPos>
			<HashName>imp_prop_impexp_exhaust_06</HashName>
			<InitialHandle>104258</InitialHandle>
			<ObjectProperties>
				<TextureVariation>0</TextureVariation>
			</ObjectProperties>
			<OpacityLevel>255</OpacityLevel>
			<LodDistance>16960</LodDistance>
			<IsVisible>true</IsVisible>
			<MaxHealth>1000</MaxHealth>
			<Health>1000</Health>
			<HasGravity>true</HasGravity>
			<IsOnFire>false</IsOnFire>
			<IsInvincible>true</IsInvincible>
			<IsBulletProof>false</IsBulletProof>
			<IsCollisionProof>true</IsCollisionProof>
			<IsExplosionProof>true</IsExplosionProof>
			<IsFireProof>true</IsFireProof>
			<IsMeleeProof>true</IsMeleeProof>
			<IsOnlyDamagedByPlayer>false</IsOnlyDamagedByPlayer>
			<PositionRotation>
				<X>1353.5957</X>
				<Y>2690.10327</Y>
				<Z>39.1079025</Z>
				<Pitch>1.53506243</Pitch>
				<Roll>-69.2444458</Roll>
				<Yaw>169.709152</Yaw>
			</PositionRotation>
			<Attachment isAttached="true">
				<AttachedTo>162882</AttachedTo>
				<BoneIndex>0</BoneIndex>
				<X>-0.299999952</X>
				<Y>2.39999962</Y>
				<Z>1.29999971</Z>
				<Pitch>0</Pitch>
				<Roll>-69.9999847</Roll>
				<Yaw>-89.9999847</Yaw>
			</Attachment>
		</Attachment>
		<Attachment>
			<ModelHash>0xdf1c9a9d</ModelHash>
			<Type>3</Type>
			<Dynamic>true</Dynamic>
			<FrozenPos>true</FrozenPos>
			<HashName>imp_prop_impexp_exhaust_06</HashName>
			<InitialHandle>44091</InitialHandle>
			<ObjectProperties>
				<TextureVariation>0</TextureVariation>
			</ObjectProperties>
			<OpacityLevel>255</OpacityLevel>
			<LodDistance>16960</LodDistance>
			<IsVisible>true</IsVisible>
			<MaxHealth>1000</MaxHealth>
			<Health>1000</Health>
			<HasGravity>true</HasGravity>
			<IsOnFire>false</IsOnFire>
			<IsInvincible>true</IsInvincible>
			<IsBulletProof>false</IsBulletProof>
			<IsCollisionProof>true</IsCollisionProof>
			<IsExplosionProof>true</IsExplosionProof>
			<IsFireProof>true</IsFireProof>
			<IsMeleeProof>true</IsMeleeProof>
			<IsOnlyDamagedByPlayer>false</IsOnlyDamagedByPlayer>
			<PositionRotation>
				<X>1353.39893</X>
				<Y>2690.13892</Y>
				<Z>39.1052628</Z>
				<Pitch>1.53506243</Pitch>
				<Roll>-69.2444458</Roll>
				<Yaw>169.709152</Yaw>
			</PositionRotation>
			<Attachment isAttached="true">
				<AttachedTo>162882</AttachedTo>
				<BoneIndex>0</BoneIndex>
				<X>-0.299999952</X>
				<Y>2.19999981</Y>
				<Z>1.29999971</Z>
				<Pitch>0</Pitch>
				<Roll>-69.9999847</Roll>
				<Yaw>-89.9999847</Yaw>
			</Attachment>
		</Attachment>
		<Attachment>
			<ModelHash>0xdf1c9a9d</ModelHash>
			<Type>3</Type>
			<Dynamic>true</Dynamic>
			<FrozenPos>true</FrozenPos>
			<HashName>imp_prop_impexp_exhaust_06</HashName>
			<InitialHandle>86614</InitialHandle>
			<ObjectProperties>
				<TextureVariation>0</TextureVariation>
			</ObjectProperties>
			<OpacityLevel>255</OpacityLevel>
			<LodDistance>16960</LodDistance>
			<IsVisible>true</IsVisible>
			<MaxHealth>1000</MaxHealth>
			<Health>1000</Health>
			<HasGravity>true</HasGravity>
			<IsOnFire>false</IsOnFire>
			<IsInvincible>true</IsInvincible>
			<IsBulletProof>false</IsBulletProof>
			<IsCollisionProof>true</IsCollisionProof>
			<IsExplosionProof>true</IsExplosionProof>
			<IsFireProof>true</IsFireProof>
			<IsMeleeProof>true</IsMeleeProof>
			<IsOnlyDamagedByPlayer>false</IsOnlyDamagedByPlayer>
			<PositionRotation>
				<X>1353.20215</X>
				<Y>2690.17456</Y>
				<Z>39.1026268</Z>
				<Pitch>1.53506243</Pitch>
				<Roll>-69.2444458</Roll>
				<Yaw>169.709152</Yaw>
			</PositionRotation>
			<Attachment isAttached="true">
				<AttachedTo>162882</AttachedTo>
				<BoneIndex>0</BoneIndex>
				<X>-0.299999952</X>
				<Y>1.99999988</Y>
				<Z>1.29999971</Z>
				<Pitch>0</Pitch>
				<Roll>-69.9999847</Roll>
				<Yaw>-89.9999847</Yaw>
			</Attachment>
		</Attachment>
		<Attachment>
			<ModelHash>0xdf1c9a9d</ModelHash>
			<Type>3</Type>
			<Dynamic>true</Dynamic>
			<FrozenPos>true</FrozenPos>
			<HashName>imp_prop_impexp_exhaust_06</HashName>
			<InitialHandle>49222</InitialHandle>
			<ObjectProperties>
				<TextureVariation>0</TextureVariation>
			</ObjectProperties>
			<OpacityLevel>255</OpacityLevel>
			<LodDistance>16960</LodDistance>
			<IsVisible>true</IsVisible>
			<MaxHealth>1000</MaxHealth>
			<Health>1000</Health>
			<HasGravity>true</HasGravity>
			<IsOnFire>false</IsOnFire>
			<IsInvincible>true</IsInvincible>
			<IsBulletProof>false</IsBulletProof>
			<IsCollisionProof>true</IsCollisionProof>
			<IsExplosionProof>true</IsExplosionProof>
			<IsFireProof>true</IsFireProof>
			<IsMeleeProof>true</IsMeleeProof>
			<IsOnlyDamagedByPlayer>false</IsOnlyDamagedByPlayer>
			<PositionRotation>
				<X>1353.00537</X>
				<Y>2690.21021</Y>
				<Z>39.0999908</Z>
				<Pitch>1.53506243</Pitch>
				<Roll>-69.2444458</Roll>
				<Yaw>169.709152</Yaw>
			</PositionRotation>
			<Attachment isAttached="true">
				<AttachedTo>162882</AttachedTo>
				<BoneIndex>0</BoneIndex>
				<X>-0.299999952</X>
				<Y>1.79999983</Y>
				<Z>1.29999971</Z>
				<Pitch>0</Pitch>
				<Roll>-69.9999847</Roll>
				<Yaw>-89.9999847</Yaw>
			</Attachment>
		</Attachment>
		<Attachment>
			<ModelHash>0xeb51b31f</ModelHash>
			<Type>3</Type>
			<Dynamic>true</Dynamic>
			<FrozenPos>true</FrozenPos>
			<HashName>imp_prop_impexp_exhaust_02</HashName>
			<InitialHandle>98622</InitialHandle>
			<ObjectProperties>
				<TextureVariation>0</TextureVariation>
			</ObjectProperties>
			<OpacityLevel>255</OpacityLevel>
			<LodDistance>16960</LodDistance>
			<IsVisible>true</IsVisible>
			<MaxHealth>1000</MaxHealth>
			<Health>1000</Health>
			<HasGravity>true</HasGravity>
			<IsOnFire>false</IsOnFire>
			<IsInvincible>true</IsInvincible>
			<IsBulletProof>false</IsBulletProof>
			<IsCollisionProof>true</IsCollisionProof>
			<IsExplosionProof>true</IsExplosionProof>
			<IsFireProof>true</IsFireProof>
			<IsMeleeProof>true</IsMeleeProof>
			<IsOnlyDamagedByPlayer>false</IsOnlyDamagedByPlayer>
			<PositionRotation>
				<X>1353.26624</X>
				<Y>2689.34888</Y>
				<Z>39.0768509</Z>
				<Pitch>-16.4586887</Pitch>
				<Roll>-161.694733</Roll>
				<Yaw>-92.7685928</Yaw>
			</PositionRotation>
			<Attachment isAttached="true">
				<AttachedTo>162882</AttachedTo>
				<BoneIndex>0</BoneIndex>
				<X>0.49999994</X>
				<Y>2.2099998</Y>
				<Z>1.24999988</Z>
				<Pitch>-16.9999981</Pitch>
				<Roll>-160.000015</Roll>
				<Yaw>7.99999809</Yaw>
			</Attachment>
		</Attachment>
		<Attachment>
			<ModelHash>0xd541462d</ModelHash>
			<Type>3</Type>
			<Dynamic>false</Dynamic>
			<FrozenPos>true</FrozenPos>
			<HashName>p_ld_soc_ball_01</HashName>
			<InitialHandle>109900</InitialHandle>
			<TaskSequence>
				<Task>
					<Type>39</Type>
					<Duration>-2147483500</Duration>
					<KeepTaskRunningAfterTime>-2</KeepTaskRunningAfterTime>
					<IsLoopedTask>true</IsLoopedTask>
					<Delay>500</Delay>
					<AssetName>scr_familyscenem</AssetName>
					<EffectName>scr_meth_pipe_smoke</EffectName>
					<Scale>0.760000229</Scale>
					<Colour R="255" G="255" B="255" A="255" />
					<RelativePosition X="0" Y="0" Z="0" />
					<RelativeRotation X="0" Y="0" Z="0" />
				</Task>
			</TaskSequence>
			<ObjectProperties>
				<TextureVariation>0</TextureVariation>
			</ObjectProperties>
			<OpacityLevel>255</OpacityLevel>
			<LodDistance>16960</LodDistance>
			<IsVisible>false</IsVisible>
			<MaxHealth>1000</MaxHealth>
			<Health>0</Health>
			<HasGravity>true</HasGravity>
			<IsOnFire>false</IsOnFire>
			<IsInvincible>true</IsInvincible>
			<IsBulletProof>false</IsBulletProof>
			<IsCollisionProof>true</IsCollisionProof>
			<IsExplosionProof>true</IsExplosionProof>
			<IsFireProof>true</IsFireProof>
			<IsMeleeProof>true</IsMeleeProof>
			<IsOnlyDamagedByPlayer>false</IsOnlyDamagedByPlayer>
			<PositionRotation>
				<X>1353.58057</X>
				<Y>2690.26685</Y>
				<Z>39.4132156</Z>
				<Pitch>69.6302261</Pitch>
				<Roll>146.842545</Roll>
				<Yaw>91.1737823</Yaw>
			</PositionRotation>
			<Attachment isAttached="true">
				<AttachedTo>162882</AttachedTo>
				<BoneIndex>0</BoneIndex>
				<X>-0.449999988</X>
				<Y>2.35999966</Y>
				<Z>1.60999978</Z>
				<Pitch>70.0000153</Pitch>
				<Roll>141.999969</Roll>
				<Yaw>-163.999985</Yaw>
			</Attachment>
		</Attachment>
		<Attachment>
			<ModelHash>0xd541462d</ModelHash>
			<Type>3</Type>
			<Dynamic>false</Dynamic>
			<FrozenPos>true</FrozenPos>
			<HashName>p_ld_soc_ball_01</HashName>
			<InitialHandle>32576</InitialHandle>
			<TaskSequence>
				<Task>
					<Type>39</Type>
					<Duration>-2147483500</Duration>
					<KeepTaskRunningAfterTime>-2</KeepTaskRunningAfterTime>
					<IsLoopedTask>true</IsLoopedTask>
					<Delay>500</Delay>
					<AssetName>scr_familyscenem</AssetName>
					<EffectName>scr_meth_pipe_smoke</EffectName>
					<Scale>0.760000229</Scale>
					<Colour R="255" G="255" B="255" A="255" />
					<RelativePosition X="0" Y="0" Z="0" />
					<RelativeRotation X="0" Y="0" Z="0" />
				</Task>
			</TaskSequence>
			<ObjectProperties>
				<TextureVariation>0</TextureVariation>
			</ObjectProperties>
			<OpacityLevel>255</OpacityLevel>
			<LodDistance>16960</LodDistance>
			<IsVisible>false</IsVisible>
			<MaxHealth>1000</MaxHealth>
			<Health>0</Health>
			<HasGravity>true</HasGravity>
			<IsOnFire>false</IsOnFire>
			<IsInvincible>true</IsInvincible>
			<IsBulletProof>false</IsBulletProof>
			<IsCollisionProof>true</IsCollisionProof>
			<IsExplosionProof>true</IsExplosionProof>
			<IsFireProof>true</IsFireProof>
			<IsMeleeProof>true</IsMeleeProof>
			<IsOnlyDamagedByPlayer>false</IsOnlyDamagedByPlayer>
			<PositionRotation>
				<X>1353.3739</X>
				<Y>2690.3042</Y>
				<Z>39.41045</Z>
				<Pitch>69.6302261</Pitch>
				<Roll>146.842545</Roll>
				<Yaw>91.1737823</Yaw>
			</PositionRotation>
			<Attachment isAttached="true">
				<AttachedTo>162882</AttachedTo>
				<BoneIndex>0</BoneIndex>
				<X>-0.449999988</X>
				<Y>2.14999986</Y>
				<Z>1.60999978</Z>
				<Pitch>70.0000153</Pitch>
				<Roll>141.999969</Roll>
				<Yaw>-163.999985</Yaw>
			</Attachment>
		</Attachment>
		<Attachment>
			<ModelHash>0xd541462d</ModelHash>
			<Type>3</Type>
			<Dynamic>false</Dynamic>
			<FrozenPos>true</FrozenPos>
			<HashName>p_ld_soc_ball_01</HashName>
			<InitialHandle>116767</InitialHandle>
			<TaskSequence>
				<Task>
					<Type>39</Type>
					<Duration>-2147483500</Duration>
					<KeepTaskRunningAfterTime>-2</KeepTaskRunningAfterTime>
					<IsLoopedTask>true</IsLoopedTask>
					<Delay>500</Delay>
					<AssetName>scr_familyscenem</AssetName>
					<EffectName>scr_meth_pipe_smoke</EffectName>
					<Scale>0.760000229</Scale>
					<Colour R="255" G="255" B="255" A="255" />
					<RelativePosition X="0" Y="0" Z="0" />
					<RelativeRotation X="0" Y="0" Z="0" />
				</Task>
			</TaskSequence>
			<ObjectProperties>
				<TextureVariation>0</TextureVariation>
			</ObjectProperties>
			<OpacityLevel>255</OpacityLevel>
			<LodDistance>16960</LodDistance>
			<IsVisible>false</IsVisible>
			<MaxHealth>1000</MaxHealth>
			<Health>0</Health>
			<HasGravity>true</HasGravity>
			<IsOnFire>false</IsOnFire>
			<IsInvincible>true</IsInvincible>
			<IsBulletProof>false</IsBulletProof>
			<IsCollisionProof>true</IsCollisionProof>
			<IsExplosionProof>true</IsExplosionProof>
			<IsFireProof>true</IsFireProof>
			<IsMeleeProof>true</IsMeleeProof>
			<IsOnlyDamagedByPlayer>false</IsOnlyDamagedByPlayer>
			<PositionRotation>
				<X>1353.17712</X>
				<Y>2690.33984</Y>
				<Z>39.407814</Z>
				<Pitch>69.6302261</Pitch>
				<Roll>146.842545</Roll>
				<Yaw>91.1737823</Yaw>
			</PositionRotation>
			<Attachment isAttached="true">
				<AttachedTo>162882</AttachedTo>
				<BoneIndex>0</BoneIndex>
				<X>-0.449999988</X>
				<Y>1.95000005</Y>
				<Z>1.60999978</Z>
				<Pitch>70.0000153</Pitch>
				<Roll>141.999969</Roll>
				<Yaw>-163.999985</Yaw>
			</Attachment>
		</Attachment>
		<Attachment>
			<ModelHash>0xd541462d</ModelHash>
			<Type>3</Type>
			<Dynamic>false</Dynamic>
			<FrozenPos>true</FrozenPos>
			<HashName>p_ld_soc_ball_01</HashName>
			<InitialHandle>149289</InitialHandle>
			<TaskSequence>
				<Task>
					<Type>39</Type>
					<Duration>-2147483500</Duration>
					<KeepTaskRunningAfterTime>-2</KeepTaskRunningAfterTime>
					<IsLoopedTask>true</IsLoopedTask>
					<Delay>500</Delay>
					<AssetName>scr_familyscenem</AssetName>
					<EffectName>scr_meth_pipe_smoke</EffectName>
					<Scale>0.760000229</Scale>
					<Colour R="255" G="255" B="255" A="255" />
					<RelativePosition X="0" Y="0" Z="0" />
					<RelativeRotation X="0" Y="0" Z="0" />
				</Task>
			</TaskSequence>
			<ObjectProperties>
				<TextureVariation>0</TextureVariation>
			</ObjectProperties>
			<OpacityLevel>255</OpacityLevel>
			<LodDistance>16960</LodDistance>
			<IsVisible>false</IsVisible>
			<MaxHealth>1000</MaxHealth>
			<Health>0</Health>
			<HasGravity>true</HasGravity>
			<IsOnFire>false</IsOnFire>
			<IsInvincible>true</IsInvincible>
			<IsBulletProof>false</IsBulletProof>
			<IsCollisionProof>true</IsCollisionProof>
			<IsExplosionProof>true</IsExplosionProof>
			<IsFireProof>true</IsFireProof>
			<IsMeleeProof>true</IsMeleeProof>
			<IsOnlyDamagedByPlayer>false</IsOnlyDamagedByPlayer>
			<PositionRotation>
				<X>1352.96069</X>
				<Y>2690.37915</Y>
				<Z>39.404911</Z>
				<Pitch>69.6302261</Pitch>
				<Roll>146.842545</Roll>
				<Yaw>91.1737823</Yaw>
			</PositionRotation>
			<Attachment isAttached="true">
				<AttachedTo>162882</AttachedTo>
				<BoneIndex>0</BoneIndex>
				<X>-0.449999988</X>
				<Y>1.73000026</Y>
				<Z>1.60999978</Z>
				<Pitch>70.0000153</Pitch>
				<Roll>141.999969</Roll>
				<Yaw>-163.999985</Yaw>
			</Attachment>
		</Attachment>
		<Attachment>
			<ModelHash>0xafdd8cbb</ModelHash>
			<Type>3</Type>
			<Dynamic>true</Dynamic>
			<FrozenPos>true</FrozenPos>
			<HashName>prop_barrel_exp_01a</HashName>
			<InitialHandle>62761</InitialHandle>
			<ObjectProperties>
				<TextureVariation>0</TextureVariation>
			</ObjectProperties>
			<OpacityLevel>255</OpacityLevel>
			<LodDistance>16960</LodDistance>
			<IsVisible>true</IsVisible>
			<MaxHealth>1000</MaxHealth>
			<Health>1000</Health>
			<HasGravity>true</HasGravity>
			<IsOnFire>false</IsOnFire>
			<IsInvincible>true</IsInvincible>
			<IsBulletProof>false</IsBulletProof>
			<IsCollisionProof>true</IsCollisionProof>
			<IsExplosionProof>true</IsExplosionProof>
			<IsFireProof>true</IsFireProof>
			<IsMeleeProof>true</IsMeleeProof>
			<IsOnlyDamagedByPlayer>false</IsOnlyDamagedByPlayer>
			<PositionRotation>
				<X>1347.30725</X>
				<Y>2690.96045</Y>
				<Z>39.8621292</Z>
				<Pitch>-59.2099037</Pitch>
				<Roll>87.0001831</Roll>
				<Yaw>-102.868439</Yaw>
			</PositionRotation>
			<Attachment isAttached="true">
				<AttachedTo>162882</AttachedTo>
				<BoneIndex>0</BoneIndex>
				<X>0</X>
				<Y>-3.92999816</Y>
				<Z>2.12999988</Z>
				<Pitch>-59.9999962</Pitch>
				<Roll>89.9999924</Roll>
				<Yaw>0</Yaw>
			</Attachment>
		</Attachment>
	</SpoonerAttachments>
</Vehicle>
