<?xml version="1.0" encoding="ISO-8859-1"?>
<Vehicle menyoo_ver="0.9998b">
	<ModelHash>0x779f23aa</ModelHash>
	<InitialHandle>741636</InitialHandle>
	<VehicleProperties>
		<Colours>
			<Primary>0</Primary>
			<Secondary>0</Secondary>
			<Pearl>10</Pearl>
			<Rim>156</Rim>
			<Mod1_a>6</Mod1_a>
			<Mod1_b>-1</Mod1_b>
			<Mod1_c>-1</Mod1_c>
			<Mod2_a>6</Mod2_a>
			<Mod2_b>-1</Mod2_b>
			<IsPrimaryColourCustom>false</IsPrimaryColourCustom>
			<IsSecondaryColourCustom>false</IsSecondaryColourCustom>
			<tyreSmoke_R>255</tyreSmoke_R>
			<tyreSmoke_G>255</tyreSmoke_G>
			<tyreSmoke_B>255</tyreSmoke_B>
			<LrInterior>0</LrInterior>
			<LrDashboard>0</LrDashboard>
		</Colours>
		<Livery>-1</Livery>
		<NumberPlateText>GAMBETTI</NumberPlateText>
		<NumberPlateIndex>1</NumberPlateIndex>
		<WheelType>3</WheelType>
		<WheelsInvisible>false</WheelsInvisible>
		<WindowTint>1</WindowTint>
		<BulletProofTyres>true</BulletProofTyres>
		<DirtLevel>0.00435851142</DirtLevel>
		<PaintFade>0.333333343</PaintFade>
		<RoofState>0</RoofState>
		<SirenActive>false</SirenActive>
		<EngineOn>true</EngineOn>
		<EngineHealth>1000</EngineHealth>
		<LightsOn>true</LightsOn>
		<Neons>
			<Left>false</Left>
			<Right>false</Right>
			<Front>false</Front>
			<Back>false</Back>
			<R>255</R>
			<G>0</G>
			<B>255</B>
		</Neons>
		<ModExtras>
			<_10>false</_10>
			<_11>false</_11>
		</ModExtras>
		<Mods>
			<_0>-1,0</_0>
			<_1>1,0</_1>
			<_2>-1,0</_2>
			<_3>0,0</_3>
			<_4>0,0</_4>
			<_5>-1,0</_5>
			<_6>1,0</_6>
			<_7>-1,0</_7>
			<_8>-1,0</_8>
			<_9>-1,0</_9>
			<_10>-1,0</_10>
			<_11>3,0</_11>
			<_12>2,0</_12>
			<_13>2,0</_13>
			<_14>-1,0</_14>
			<_15>3,0</_15>
			<_16>4,0</_16>
			<_17>false</_17>
			<_18>true</_18>
			<_19>false</_19>
			<_20>true</_20>
			<_21>false</_21>
			<_22>true</_22>
			<_23>35,0</_23>
			<_24>-1,0</_24>
			<_25>-1,0</_25>
			<_26>-1,0</_26>
			<_27>-1,0</_27>
			<_28>-1,0</_28>
			<_29>-1,0</_29>
			<_30>-1,0</_30>
			<_31>-1,0</_31>
			<_32>-1,0</_32>
			<_33>-1,0</_33>
			<_34>-1,0</_34>
			<_35>-1,0</_35>
			<_36>-1,0</_36>
			<_37>-1,0</_37>
			<_38>-1,0</_38>
			<_39>-1,0</_39>
			<_40>-1,0</_40>
			<_41>-1,0</_41>
			<_42>-1,0</_42>
			<_43>-1,0</_43>
			<_44>-1,0</_44>
			<_45>-1,0</_45>
			<_46>-1,0</_46>
			<_47>-1,0</_47>
			<_48>-1,0</_48>
		</Mods>
		<DoorsOpen>
			<BackLeftDoor>false</BackLeftDoor>
			<BackRightDoor>false</BackRightDoor>
			<FrontLeftDoor>false</FrontLeftDoor>
			<FrontRightDoor>false</FrontRightDoor>
			<Hood>false</Hood>
			<Trunk>false</Trunk>
			<Trunk2>false</Trunk2>
		</DoorsOpen>
		<DoorsBroken>
			<BackLeftDoor>false</BackLeftDoor>
			<BackRightDoor>false</BackRightDoor>
			<FrontLeftDoor>false</FrontLeftDoor>
			<FrontRightDoor>false</FrontRightDoor>
			<Hood>false</Hood>
			<Trunk>false</Trunk>
			<Trunk2>false</Trunk2>
		</DoorsBroken>
		<TyresBursted>
			<FrontLeft>false</FrontLeft>
			<FrontRight>false</FrontRight>
			<_2>false</_2>
			<_3>false</_3>
			<BackLeft>false</BackLeft>
			<BackRight>false</BackRight>
			<_6>false</_6>
			<_7>false</_7>
			<_8>false</_8>
		</TyresBursted>
		<RpmMultiplier>1</RpmMultiplier>
		<TorqueMultiplier>1</TorqueMultiplier>
		<HeadlightIntensity>1</HeadlightIntensity>
	</VehicleProperties>
	<OpacityLevel>255</OpacityLevel>
	<LodDistance>16960</LodDistance>
	<IsVisible>true</IsVisible>
	<IsDriverVisible>true</IsDriverVisible>
	<IsOnFire>false</IsOnFire>
	<IsInvincible>false</IsInvincible>
	<IsBulletProof>false</IsBulletProof>
	<IsExplosionProof>false</IsExplosionProof>
	<IsFireProof>true</IsFireProof>
	<IsMeleeProof>false</IsMeleeProof>
	<IsOnlyDamagedByPlayer>false</IsOnlyDamagedByPlayer>
	<SpoonerAttachments SetAttachmentsPersistentAndAddToSpoonerDatabase="false">
		<Attachment>
			<ModelHash>0xe9e2ec92</ModelHash>
			<Type>3</Type>
			<Dynamic>false</Dynamic>
			<HashName>prop_box_ammo04a</HashName>
			<InitialHandle>660228</InitialHandle>
			<OpacityLevel>255</OpacityLevel>
			<LodDistance>16960</LodDistance>
			<IsVisible>true</IsVisible>
			<Health>1000</Health>
			<IsOnFire>false</IsOnFire>
			<IsInvincible>false</IsInvincible>
			<IsBulletProof>false</IsBulletProof>
			<IsCollisionProof>false</IsCollisionProof>
			<IsExplosionProof>false</IsExplosionProof>
			<IsFireProof>true</IsFireProof>
			<IsMeleeProof>false</IsMeleeProof>
			<IsOnlyDamagedByPlayer>false</IsOnlyDamagedByPlayer>
			<PositionRotation>
				<X>-1576.69678</X>
				<Y>-3120.66992</Y>
				<Z>13.6198521</Z>
				<Pitch>0.0218526293</Pitch>
				<Roll>-0.127728298</Roll>
				<Yaw>-26.9479618</Yaw>
			</PositionRotation>
			<Attachment isAttached="true">
				<AttachedTo>741636</AttachedTo>
				<BoneIndex>0</BoneIndex>
				<X>-0.349999964</X>
				<Y>-1.67999971</Y>
				<Z>-0.109999985</Z>
				<Pitch>0</Pitch>
				<Roll>0</Roll>
				<Yaw>89.9999924</Yaw>
			</Attachment>
		</Attachment>
		<Attachment>
			<ModelHash>0xe9e2ec92</ModelHash>
			<Type>3</Type>
			<Dynamic>false</Dynamic>
			<HashName>prop_box_ammo04a</HashName>
			<InitialHandle>735492</InitialHandle>
			<OpacityLevel>255</OpacityLevel>
			<LodDistance>16960</LodDistance>
			<IsVisible>true</IsVisible>
			<Health>1000</Health>
			<IsOnFire>false</IsOnFire>
			<IsInvincible>false</IsInvincible>
			<IsBulletProof>false</IsBulletProof>
			<IsCollisionProof>false</IsCollisionProof>
			<IsExplosionProof>false</IsExplosionProof>
			<IsFireProof>true</IsFireProof>
			<IsMeleeProof>false</IsMeleeProof>
			<IsOnlyDamagedByPlayer>false</IsOnlyDamagedByPlayer>
			<PositionRotation>
				<X>-1577.01404</X>
				<Y>-3121.29395</Y>
				<Z>13.619585</Z>
				<Pitch>0.0218526293</Pitch>
				<Roll>-0.127728298</Roll>
				<Yaw>-26.9479618</Yaw>
			</PositionRotation>
			<Attachment isAttached="true">
				<AttachedTo>741636</AttachedTo>
				<BoneIndex>0</BoneIndex>
				<X>0.349999934</X>
				<Y>-1.67999983</Y>
				<Z>-0.109999992</Z>
				<Pitch>0</Pitch>
				<Roll>0</Roll>
				<Yaw>89.9999924</Yaw>
			</Attachment>
		</Attachment>
		<Attachment>
			<ModelHash>0x1625b91e</ModelHash>
			<Type>3</Type>
			<Dynamic>false</Dynamic>
			<HashName>hei_prop_drug_statue_box_big</HashName>
			<InitialHandle>736772</InitialHandle>
			<OpacityLevel>255</OpacityLevel>
			<LodDistance>16960</LodDistance>
			<IsVisible>true</IsVisible>
			<Health>1000</Health>
			<IsOnFire>false</IsOnFire>
			<IsInvincible>false</IsInvincible>
			<IsBulletProof>false</IsBulletProof>
			<IsCollisionProof>false</IsCollisionProof>
			<IsExplosionProof>false</IsExplosionProof>
			<IsFireProof>true</IsFireProof>
			<IsMeleeProof>false</IsMeleeProof>
			<IsOnlyDamagedByPlayer>false</IsOnlyDamagedByPlayer>
			<PositionRotation>
				<X>-1576.69409</X>
				<Y>-3120.68286</Y>
				<Z>14.4198685</Z>
				<Pitch>0.021852605</Pitch>
				<Roll>-0.127728313</Roll>
				<Yaw>-26.9479485</Yaw>
			</PositionRotation>
			<Attachment isAttached="true">
				<AttachedTo>741636</AttachedTo>
				<BoneIndex>0</BoneIndex>
				<X>-0.340000004</X>
				<Y>-1.67000043</Y>
				<Z>0.690000057</Z>
				<Pitch>0</Pitch>
				<Roll>0</Roll>
				<Yaw>90.0000076</Yaw>
			</Attachment>
		</Attachment>
		<Attachment>
			<ModelHash>0x1625b91e</ModelHash>
			<Type>3</Type>
			<Dynamic>false</Dynamic>
			<HashName>hei_prop_drug_statue_box_big</HashName>
			<InitialHandle>746756</InitialHandle>
			<OpacityLevel>255</OpacityLevel>
			<LodDistance>16960</LodDistance>
			<IsVisible>true</IsVisible>
			<Health>1000</Health>
			<IsOnFire>false</IsOnFire>
			<IsInvincible>false</IsInvincible>
			<IsBulletProof>false</IsBulletProof>
			<IsCollisionProof>false</IsCollisionProof>
			<IsExplosionProof>false</IsExplosionProof>
			<IsFireProof>true</IsFireProof>
			<IsMeleeProof>false</IsMeleeProof>
			<IsOnlyDamagedByPlayer>false</IsOnlyDamagedByPlayer>
			<PositionRotation>
				<X>-1577.00684</X>
				<Y>-3121.29785</Y>
				<Z>14.4196053</Z>
				<Pitch>0.021852605</Pitch>
				<Roll>-0.127728313</Roll>
				<Yaw>-26.9479485</Yaw>
			</PositionRotation>
			<Attachment isAttached="true">
				<AttachedTo>741636</AttachedTo>
				<BoneIndex>0</BoneIndex>
				<X>0.350000113</X>
				<Y>-1.6700002</Y>
				<Z>0.689999998</Z>
				<Pitch>0</Pitch>
				<Roll>0</Roll>
				<Yaw>90.0000076</Yaw>
			</Attachment>
		</Attachment>
		<Attachment>
			<ModelHash>0x936cd0e4</ModelHash>
			<Type>3</Type>
			<Dynamic>false</Dynamic>
			<HashName>prop_gun_case_01</HashName>
			<InitialHandle>639748</InitialHandle>
			<OpacityLevel>255</OpacityLevel>
			<LodDistance>16960</LodDistance>
			<IsVisible>true</IsVisible>
			<Health>1000</Health>
			<IsOnFire>false</IsOnFire>
			<IsInvincible>false</IsInvincible>
			<IsBulletProof>false</IsBulletProof>
			<IsCollisionProof>false</IsCollisionProof>
			<IsExplosionProof>false</IsExplosionProof>
			<IsFireProof>true</IsFireProof>
			<IsMeleeProof>false</IsMeleeProof>
			<IsOnlyDamagedByPlayer>false</IsOnlyDamagedByPlayer>
			<PositionRotation>
				<X>-1577.55969</X>
				<Y>-3120.62378</Y>
				<Z>13.6579571</Z>
				<Pitch>0.127728343</Pitch>
				<Roll>0.0218526088</Roll>
				<Yaw>-116.947968</Yaw>
			</PositionRotation>
			<Attachment isAttached="true">
				<AttachedTo>741636</AttachedTo>
				<BoneIndex>0</BoneIndex>
				<X>0</X>
				<Y>-2.46999931</Y>
				<Z>-0.0699999928</Z>
				<Pitch>0</Pitch>
				<Roll>0</Roll>
				<Yaw>0</Yaw>
			</Attachment>
		</Attachment>
		<Attachment>
			<ModelHash>0x936cd0e4</ModelHash>
			<Type>3</Type>
			<Dynamic>false</Dynamic>
			<HashName>prop_gun_case_01</HashName>
			<InitialHandle>396804</InitialHandle>
			<OpacityLevel>255</OpacityLevel>
			<LodDistance>16960</LodDistance>
			<IsVisible>true</IsVisible>
			<Health>1000</Health>
			<IsOnFire>false</IsOnFire>
			<IsInvincible>false</IsInvincible>
			<IsBulletProof>false</IsBulletProof>
			<IsCollisionProof>false</IsCollisionProof>
			<IsExplosionProof>false</IsExplosionProof>
			<IsFireProof>true</IsFireProof>
			<IsMeleeProof>false</IsMeleeProof>
			<IsOnlyDamagedByPlayer>false</IsOnlyDamagedByPlayer>
			<PositionRotation>
				<X>-1577.55994</X>
				<Y>-3120.62378</Y>
				<Z>13.7879572</Z>
				<Pitch>0.127728343</Pitch>
				<Roll>0.0218526088</Roll>
				<Yaw>-116.947968</Yaw>
			</PositionRotation>
			<Attachment isAttached="true">
				<AttachedTo>741636</AttachedTo>
				<BoneIndex>0</BoneIndex>
				<X>0</X>
				<Y>-2.46999955</Y>
				<Z>0.0599999949</Z>
				<Pitch>0</Pitch>
				<Roll>0</Roll>
				<Yaw>0</Yaw>
			</Attachment>
		</Attachment>
		<Attachment>
			<ModelHash>0x1f588a1a</ModelHash>
			<Type>3</Type>
			<Dynamic>false</Dynamic>
			<HashName>hei_prop_hei_drug_pack_01a</HashName>
			<InitialHandle>145162</InitialHandle>
			<OpacityLevel>255</OpacityLevel>
			<LodDistance>16960</LodDistance>
			<IsVisible>true</IsVisible>
			<Health>1000</Health>
			<IsOnFire>false</IsOnFire>
			<IsInvincible>false</IsInvincible>
			<IsBulletProof>false</IsBulletProof>
			<IsCollisionProof>false</IsCollisionProof>
			<IsExplosionProof>false</IsExplosionProof>
			<IsFireProof>true</IsFireProof>
			<IsMeleeProof>false</IsMeleeProof>
			<IsOnlyDamagedByPlayer>false</IsOnlyDamagedByPlayer>
			<PositionRotation>
				<X>-1576.31628</X>
				<Y>-3120.51563</Y>
				<Z>13.9605713</Z>
				<Pitch>0.0218526293</Pitch>
				<Roll>-0.127728298</Roll>
				<Yaw>-26.9479618</Yaw>
			</PositionRotation>
			<Attachment isAttached="true">
				<AttachedTo>741636</AttachedTo>
				<BoneIndex>0</BoneIndex>
				<X>-0.659999967</X>
				<Y>-1.40999973</Y>
				<Z>0.230000108</Z>
				<Pitch>0</Pitch>
				<Roll>0</Roll>
				<Yaw>89.9999924</Yaw>
			</Attachment>
		</Attachment>
		<Attachment>
			<ModelHash>0xe8739c51</ModelHash>
			<Type>3</Type>
			<Dynamic>false</Dynamic>
			<HashName>hei_prop_hei_drug_pack_01b</HashName>
			<InitialHandle>27658</InitialHandle>
			<OpacityLevel>255</OpacityLevel>
			<LodDistance>16960</LodDistance>
			<IsVisible>true</IsVisible>
			<Health>1000</Health>
			<IsOnFire>false</IsOnFire>
			<IsInvincible>false</IsInvincible>
			<IsBulletProof>false</IsBulletProof>
			<IsCollisionProof>false</IsCollisionProof>
			<IsExplosionProof>false</IsExplosionProof>
			<IsFireProof>true</IsFireProof>
			<IsMeleeProof>false</IsMeleeProof>
			<IsOnlyDamagedByPlayer>false</IsOnlyDamagedByPlayer>
			<PositionRotation>
				<X>-1576.68616</X>
				<Y>-3121.06787</Y>
				<Z>13.6901417</Z>
				<Pitch>0.0218526293</Pitch>
				<Roll>-0.127728298</Roll>
				<Yaw>-26.9479618</Yaw>
			</PositionRotation>
			<Attachment isAttached="true">
				<AttachedTo>741636</AttachedTo>
				<BoneIndex>0</BoneIndex>
				<X>0</X>
				<Y>-1.48999977</Y>
				<Z>-0.0399999991</Z>
				<Pitch>0</Pitch>
				<Roll>0</Roll>
				<Yaw>89.9999924</Yaw>
			</Attachment>
		</Attachment>
		<Attachment>
			<ModelHash>0xe8739c51</ModelHash>
			<Type>3</Type>
			<Dynamic>false</Dynamic>
			<HashName>hei_prop_hei_drug_pack_01b</HashName>
			<InitialHandle>255243</InitialHandle>
			<OpacityLevel>255</OpacityLevel>
			<LodDistance>16960</LodDistance>
			<IsVisible>true</IsVisible>
			<Health>1000</Health>
			<IsOnFire>false</IsOnFire>
			<IsInvincible>false</IsInvincible>
			<IsBulletProof>false</IsBulletProof>
			<IsCollisionProof>false</IsCollisionProof>
			<IsExplosionProof>false</IsExplosionProof>
			<IsFireProof>true</IsFireProof>
			<IsMeleeProof>false</IsMeleeProof>
			<IsOnlyDamagedByPlayer>false</IsOnlyDamagedByPlayer>
			<PositionRotation>
				<X>-1577.01599</X>
				<Y>-3120.90039</Y>
				<Z>13.6893167</Z>
				<Pitch>0.0218526293</Pitch>
				<Roll>-0.127728298</Roll>
				<Yaw>-26.9479618</Yaw>
			</PositionRotation>
			<Attachment isAttached="true">
				<AttachedTo>741636</AttachedTo>
				<BoneIndex>0</BoneIndex>
				<X>0</X>
				<Y>-1.8599999</Y>
				<Z>-0.0399999991</Z>
				<Pitch>0</Pitch>
				<Roll>0</Roll>
				<Yaw>89.9999924</Yaw>
			</Attachment>
		</Attachment>
		<Attachment>
			<ModelHash>0xe8739c51</ModelHash>
			<Type>3</Type>
			<Dynamic>false</Dynamic>
			<HashName>hei_prop_hei_drug_pack_01b</HashName>
			<InitialHandle>692490</InitialHandle>
			<OpacityLevel>255</OpacityLevel>
			<LodDistance>16960</LodDistance>
			<IsVisible>true</IsVisible>
			<Health>1000</Health>
			<IsOnFire>false</IsOnFire>
			<IsInvincible>false</IsInvincible>
			<IsBulletProof>false</IsBulletProof>
			<IsCollisionProof>false</IsCollisionProof>
			<IsExplosionProof>false</IsExplosionProof>
			<IsFireProof>true</IsFireProof>
			<IsMeleeProof>false</IsMeleeProof>
			<IsOnlyDamagedByPlayer>false</IsOnlyDamagedByPlayer>
			<PositionRotation>
				<X>-1576.6864</X>
				<Y>-3121.06787</Y>
				<Z>13.8301411</Z>
				<Pitch>0.0218526293</Pitch>
				<Roll>-0.127728298</Roll>
				<Yaw>-26.9479618</Yaw>
			</PositionRotation>
			<Attachment isAttached="true">
				<AttachedTo>741636</AttachedTo>
				<BoneIndex>0</BoneIndex>
				<X>0</X>
				<Y>-1.48999977</Y>
				<Z>0.0999999866</Z>
				<Pitch>0</Pitch>
				<Roll>0</Roll>
				<Yaw>89.9999924</Yaw>
			</Attachment>
		</Attachment>
		<Attachment>
			<ModelHash>0xe8739c51</ModelHash>
			<Type>3</Type>
			<Dynamic>false</Dynamic>
			<HashName>hei_prop_hei_drug_pack_01b</HashName>
			<InitialHandle>56588</InitialHandle>
			<OpacityLevel>255</OpacityLevel>
			<LodDistance>16960</LodDistance>
			<IsVisible>true</IsVisible>
			<Health>1000</Health>
			<IsOnFire>false</IsOnFire>
			<IsInvincible>false</IsInvincible>
			<IsBulletProof>false</IsBulletProof>
			<IsCollisionProof>false</IsCollisionProof>
			<IsExplosionProof>false</IsExplosionProof>
			<IsFireProof>true</IsFireProof>
			<IsMeleeProof>false</IsMeleeProof>
			<IsOnlyDamagedByPlayer>false</IsOnlyDamagedByPlayer>
			<PositionRotation>
				<X>-1577.01624</X>
				<Y>-3120.90015</Y>
				<Z>13.8293161</Z>
				<Pitch>0.0218526293</Pitch>
				<Roll>-0.127728298</Roll>
				<Yaw>-26.9479618</Yaw>
			</PositionRotation>
			<Attachment isAttached="true">
				<AttachedTo>741636</AttachedTo>
				<BoneIndex>0</BoneIndex>
				<X>0</X>
				<Y>-1.85999966</Y>
				<Z>0.0999999866</Z>
				<Pitch>0</Pitch>
				<Roll>0</Roll>
				<Yaw>89.9999924</Yaw>
			</Attachment>
		</Attachment>
		<Attachment>
			<ModelHash>0xe8739c51</ModelHash>
			<Type>3</Type>
			<Dynamic>false</Dynamic>
			<HashName>hei_prop_hei_drug_pack_01b</HashName>
			<InitialHandle>700173</InitialHandle>
			<OpacityLevel>255</OpacityLevel>
			<LodDistance>16960</LodDistance>
			<IsVisible>true</IsVisible>
			<Health>1000</Health>
			<IsOnFire>false</IsOnFire>
			<IsInvincible>false</IsInvincible>
			<IsBulletProof>false</IsBulletProof>
			<IsCollisionProof>false</IsCollisionProof>
			<IsExplosionProof>false</IsExplosionProof>
			<IsFireProof>true</IsFireProof>
			<IsMeleeProof>false</IsMeleeProof>
			<IsOnlyDamagedByPlayer>false</IsOnlyDamagedByPlayer>
			<PositionRotation>
				<X>-1576.68677</X>
				<Y>-3121.06787</Y>
				<Z>13.9701414</Z>
				<Pitch>0.0218526293</Pitch>
				<Roll>-0.127728298</Roll>
				<Yaw>-26.9479618</Yaw>
			</PositionRotation>
			<Attachment isAttached="true">
				<AttachedTo>741636</AttachedTo>
				<BoneIndex>0</BoneIndex>
				<X>0</X>
				<Y>-1.48999977</Y>
				<Z>0.240000024</Z>
				<Pitch>0</Pitch>
				<Roll>0</Roll>
				<Yaw>89.9999924</Yaw>
			</Attachment>
		</Attachment>
		<Attachment>
			<ModelHash>0xe8739c51</ModelHash>
			<Type>3</Type>
			<Dynamic>false</Dynamic>
			<HashName>hei_prop_hei_drug_pack_01b</HashName>
			<InitialHandle>205070</InitialHandle>
			<OpacityLevel>255</OpacityLevel>
			<LodDistance>16960</LodDistance>
			<IsVisible>true</IsVisible>
			<Health>1000</Health>
			<IsOnFire>false</IsOnFire>
			<IsInvincible>false</IsInvincible>
			<IsBulletProof>false</IsBulletProof>
			<IsCollisionProof>false</IsCollisionProof>
			<IsExplosionProof>false</IsExplosionProof>
			<IsFireProof>true</IsFireProof>
			<IsMeleeProof>false</IsMeleeProof>
			<IsOnlyDamagedByPlayer>false</IsOnlyDamagedByPlayer>
			<PositionRotation>
				<X>-1577.0166</X>
				<Y>-3120.90015</Y>
				<Z>13.9693165</Z>
				<Pitch>0.0218526293</Pitch>
				<Roll>-0.127728298</Roll>
				<Yaw>-26.9479618</Yaw>
			</PositionRotation>
			<Attachment isAttached="true">
				<AttachedTo>741636</AttachedTo>
				<BoneIndex>0</BoneIndex>
				<X>0</X>
				<Y>-1.86000013</Y>
				<Z>0.240000024</Z>
				<Pitch>0</Pitch>
				<Roll>0</Roll>
				<Yaw>89.9999924</Yaw>
			</Attachment>
		</Attachment>
		<Attachment>
			<ModelHash>0xe8739c51</ModelHash>
			<Type>3</Type>
			<Dynamic>false</Dynamic>
			<HashName>hei_prop_hei_drug_pack_01b</HashName>
			<InitialHandle>456207</InitialHandle>
			<OpacityLevel>255</OpacityLevel>
			<LodDistance>16960</LodDistance>
			<IsVisible>true</IsVisible>
			<Health>1000</Health>
			<IsOnFire>false</IsOnFire>
			<IsInvincible>false</IsInvincible>
			<IsBulletProof>false</IsBulletProof>
			<IsCollisionProof>false</IsCollisionProof>
			<IsExplosionProof>false</IsExplosionProof>
			<IsFireProof>true</IsFireProof>
			<IsMeleeProof>false</IsMeleeProof>
			<IsOnlyDamagedByPlayer>false</IsOnlyDamagedByPlayer>
			<PositionRotation>
				<X>-1576.68701</X>
				<Y>-3121.06763</Y>
				<Z>14.1101408</Z>
				<Pitch>0.0218526293</Pitch>
				<Roll>-0.127728298</Roll>
				<Yaw>-26.9479618</Yaw>
			</PositionRotation>
			<Attachment isAttached="true">
				<AttachedTo>741636</AttachedTo>
				<BoneIndex>0</BoneIndex>
				<X>0</X>
				<Y>-1.49000013</Y>
				<Z>0.380000085</Z>
				<Pitch>0</Pitch>
				<Roll>0</Roll>
				<Yaw>89.9999924</Yaw>
			</Attachment>
		</Attachment>
		<Attachment>
			<ModelHash>0xe8739c51</ModelHash>
			<Type>3</Type>
			<Dynamic>false</Dynamic>
			<HashName>hei_prop_hei_drug_pack_01b</HashName>
			<InitialHandle>489232</InitialHandle>
			<OpacityLevel>255</OpacityLevel>
			<LodDistance>16960</LodDistance>
			<IsVisible>true</IsVisible>
			<Health>1000</Health>
			<IsOnFire>false</IsOnFire>
			<IsInvincible>false</IsInvincible>
			<IsBulletProof>false</IsBulletProof>
			<IsCollisionProof>false</IsCollisionProof>
			<IsExplosionProof>false</IsExplosionProof>
			<IsFireProof>true</IsFireProof>
			<IsMeleeProof>false</IsMeleeProof>
			<IsOnlyDamagedByPlayer>false</IsOnlyDamagedByPlayer>
			<PositionRotation>
				<X>-1577.01685</X>
				<Y>-3120.8999</Y>
				<Z>14.1093159</Z>
				<Pitch>0.0218526293</Pitch>
				<Roll>-0.127728298</Roll>
				<Yaw>-26.9479618</Yaw>
			</PositionRotation>
			<Attachment isAttached="true">
				<AttachedTo>741636</AttachedTo>
				<BoneIndex>0</BoneIndex>
				<X>0</X>
				<Y>-1.86000025</Y>
				<Z>0.379999936</Z>
				<Pitch>0</Pitch>
				<Roll>0</Roll>
				<Yaw>89.9999924</Yaw>
			</Attachment>
		</Attachment>
		<Attachment>
			<ModelHash>0x1f588a1a</ModelHash>
			<Type>3</Type>
			<Dynamic>false</Dynamic>
			<HashName>hei_prop_hei_drug_pack_01a</HashName>
			<InitialHandle>3091</InitialHandle>
			<OpacityLevel>255</OpacityLevel>
			<LodDistance>16960</LodDistance>
			<IsVisible>true</IsVisible>
			<Health>1000</Health>
			<IsOnFire>false</IsOnFire>
			<IsInvincible>false</IsInvincible>
			<IsBulletProof>false</IsBulletProof>
			<IsCollisionProof>false</IsCollisionProof>
			<IsExplosionProof>false</IsExplosionProof>
			<IsFireProof>true</IsFireProof>
			<IsMeleeProof>false</IsMeleeProof>
			<IsOnlyDamagedByPlayer>false</IsOnlyDamagedByPlayer>
			<PositionRotation>
				<X>-1576.52136</X>
				<Y>-3120.41138</Y>
				<Z>13.9600582</Z>
				<Pitch>0.0218526293</Pitch>
				<Roll>-0.127728298</Roll>
				<Yaw>-26.9479618</Yaw>
			</PositionRotation>
			<Attachment isAttached="true">
				<AttachedTo>741636</AttachedTo>
				<BoneIndex>0</BoneIndex>
				<X>-0.660000086</X>
				<Y>-1.6400001</Y>
				<Z>0.230000004</Z>
				<Pitch>0</Pitch>
				<Roll>0</Roll>
				<Yaw>89.9999924</Yaw>
			</Attachment>
		</Attachment>
		<Attachment>
			<ModelHash>0x1f588a1a</ModelHash>
			<Type>3</Type>
			<Dynamic>false</Dynamic>
			<HashName>hei_prop_hei_drug_pack_01a</HashName>
			<InitialHandle>698387</InitialHandle>
			<OpacityLevel>255</OpacityLevel>
			<LodDistance>16960</LodDistance>
			<IsVisible>true</IsVisible>
			<Health>1000</Health>
			<IsOnFire>false</IsOnFire>
			<IsInvincible>false</IsInvincible>
			<IsBulletProof>false</IsBulletProof>
			<IsCollisionProof>false</IsCollisionProof>
			<IsExplosionProof>false</IsExplosionProof>
			<IsFireProof>true</IsFireProof>
			<IsMeleeProof>false</IsMeleeProof>
			<IsOnlyDamagedByPlayer>false</IsOnlyDamagedByPlayer>
			<PositionRotation>
				<X>-1576.31653</X>
				<Y>-3120.51563</Y>
				<Z>14.0405712</Z>
				<Pitch>0.0218526293</Pitch>
				<Roll>-0.127728298</Roll>
				<Yaw>-26.9479618</Yaw>
			</PositionRotation>
			<Attachment isAttached="true">
				<AttachedTo>741636</AttachedTo>
				<BoneIndex>0</BoneIndex>
				<X>-0.659999907</X>
				<Y>-1.40999913</Y>
				<Z>0.309999973</Z>
				<Pitch>0</Pitch>
				<Roll>0</Roll>
				<Yaw>89.9999924</Yaw>
			</Attachment>
		</Attachment>
		<Attachment>
			<ModelHash>0x1f588a1a</ModelHash>
			<Type>3</Type>
			<Dynamic>false</Dynamic>
			<HashName>hei_prop_hei_drug_pack_01a</HashName>
			<InitialHandle>328724</InitialHandle>
			<OpacityLevel>255</OpacityLevel>
			<LodDistance>16960</LodDistance>
			<IsVisible>true</IsVisible>
			<Health>1000</Health>
			<IsOnFire>false</IsOnFire>
			<IsInvincible>false</IsInvincible>
			<IsBulletProof>false</IsBulletProof>
			<IsCollisionProof>false</IsCollisionProof>
			<IsExplosionProof>false</IsExplosionProof>
			<IsFireProof>true</IsFireProof>
			<IsMeleeProof>false</IsMeleeProof>
			<IsOnlyDamagedByPlayer>false</IsOnlyDamagedByPlayer>
			<PositionRotation>
				<X>-1576.52148</X>
				<Y>-3120.41138</Y>
				<Z>14.0400581</Z>
				<Pitch>0.0218526293</Pitch>
				<Roll>-0.127728298</Roll>
				<Yaw>-26.9479618</Yaw>
			</PositionRotation>
			<Attachment isAttached="true">
				<AttachedTo>741636</AttachedTo>
				<BoneIndex>0</BoneIndex>
				<X>-0.659999907</X>
				<Y>-1.63999891</Y>
				<Z>0.310000002</Z>
				<Pitch>0</Pitch>
				<Roll>0</Roll>
				<Yaw>89.9999924</Yaw>
			</Attachment>
		</Attachment>
		<Attachment>
			<ModelHash>0x1f588a1a</ModelHash>
			<Type>3</Type>
			<Dynamic>false</Dynamic>
			<HashName>hei_prop_hei_drug_pack_01a</HashName>
			<InitialHandle>491797</InitialHandle>
			<OpacityLevel>255</OpacityLevel>
			<LodDistance>16960</LodDistance>
			<IsVisible>true</IsVisible>
			<Health>1000</Health>
			<IsOnFire>false</IsOnFire>
			<IsInvincible>false</IsInvincible>
			<IsBulletProof>false</IsBulletProof>
			<IsCollisionProof>false</IsCollisionProof>
			<IsExplosionProof>false</IsExplosionProof>
			<IsFireProof>true</IsFireProof>
			<IsMeleeProof>false</IsMeleeProof>
			<IsOnlyDamagedByPlayer>false</IsOnlyDamagedByPlayer>
			<PositionRotation>
				<X>-1576.31665</X>
				<Y>-3120.51563</Y>
				<Z>14.1205702</Z>
				<Pitch>0.021852605</Pitch>
				<Roll>-0.127728313</Roll>
				<Yaw>-26.9479485</Yaw>
			</PositionRotation>
			<Attachment isAttached="true">
				<AttachedTo>741636</AttachedTo>
				<BoneIndex>0</BoneIndex>
				<X>-0.660000026</X>
				<Y>-1.40999925</Y>
				<Z>0.389999956</Z>
				<Pitch>0</Pitch>
				<Roll>0</Roll>
				<Yaw>90.0000076</Yaw>
			</Attachment>
		</Attachment>
		<Attachment>
			<ModelHash>0x1f588a1a</ModelHash>
			<Type>3</Type>
			<Dynamic>false</Dynamic>
			<HashName>hei_prop_hei_drug_pack_01a</HashName>
			<InitialHandle>290326</InitialHandle>
			<OpacityLevel>255</OpacityLevel>
			<LodDistance>16960</LodDistance>
			<IsVisible>true</IsVisible>
			<Health>1000</Health>
			<IsOnFire>false</IsOnFire>
			<IsInvincible>false</IsInvincible>
			<IsBulletProof>false</IsBulletProof>
			<IsCollisionProof>false</IsCollisionProof>
			<IsExplosionProof>false</IsExplosionProof>
			<IsFireProof>true</IsFireProof>
			<IsMeleeProof>false</IsMeleeProof>
			<IsOnlyDamagedByPlayer>false</IsOnlyDamagedByPlayer>
			<PositionRotation>
				<X>-1576.52173</X>
				<Y>-3120.41138</Y>
				<Z>14.1200581</Z>
				<Pitch>0.021852605</Pitch>
				<Roll>-0.127728313</Roll>
				<Yaw>-26.9479485</Yaw>
			</PositionRotation>
			<Attachment isAttached="true">
				<AttachedTo>741636</AttachedTo>
				<BoneIndex>0</BoneIndex>
				<X>-0.660000026</X>
				<Y>-1.6400001</Y>
				<Z>0.390000075</Z>
				<Pitch>0</Pitch>
				<Roll>0</Roll>
				<Yaw>90.0000076</Yaw>
			</Attachment>
		</Attachment>
		<Attachment>
			<ModelHash>0x1f588a1a</ModelHash>
			<Type>3</Type>
			<Dynamic>false</Dynamic>
			<HashName>hei_prop_hei_drug_pack_01a</HashName>
			<InitialHandle>136727</InitialHandle>
			<OpacityLevel>255</OpacityLevel>
			<LodDistance>16960</LodDistance>
			<IsVisible>true</IsVisible>
			<Health>1000</Health>
			<IsOnFire>false</IsOnFire>
			<IsInvincible>false</IsInvincible>
			<IsBulletProof>false</IsBulletProof>
			<IsCollisionProof>false</IsCollisionProof>
			<IsExplosionProof>false</IsExplosionProof>
			<IsFireProof>true</IsFireProof>
			<IsMeleeProof>false</IsMeleeProof>
			<IsOnlyDamagedByPlayer>false</IsOnlyDamagedByPlayer>
			<PositionRotation>
				<X>-1576.91455</X>
				<Y>-3121.69238</Y>
				<Z>13.9600677</Z>
				<Pitch>-0.021852605</Pitch>
				<Roll>0.127728313</Roll>
				<Yaw>153.052048</Yaw>
			</PositionRotation>
			<Attachment isAttached="true">
				<AttachedTo>741636</AttachedTo>
				<BoneIndex>0</BoneIndex>
				<X>0.660000026</X>
				<Y>-1.41000044</Y>
				<Z>0.230000079</Z>
				<Pitch>0</Pitch>
				<Roll>0</Roll>
				<Yaw>-90.0000076</Yaw>
			</Attachment>
		</Attachment>
		<Attachment>
			<ModelHash>0x1f588a1a</ModelHash>
			<Type>3</Type>
			<Dynamic>false</Dynamic>
			<HashName>hei_prop_hei_drug_pack_01a</HashName>
			<InitialHandle>313368</InitialHandle>
			<OpacityLevel>255</OpacityLevel>
			<LodDistance>16960</LodDistance>
			<IsVisible>true</IsVisible>
			<Health>1000</Health>
			<IsOnFire>false</IsOnFire>
			<IsInvincible>false</IsInvincible>
			<IsBulletProof>false</IsBulletProof>
			<IsCollisionProof>false</IsCollisionProof>
			<IsExplosionProof>false</IsExplosionProof>
			<IsFireProof>true</IsFireProof>
			<IsMeleeProof>false</IsMeleeProof>
			<IsOnlyDamagedByPlayer>false</IsOnlyDamagedByPlayer>
			<PositionRotation>
				<X>-1577.11951</X>
				<Y>-3121.58813</Y>
				<Z>13.9595547</Z>
				<Pitch>-0.021852605</Pitch>
				<Roll>0.127728313</Roll>
				<Yaw>153.052048</Yaw>
			</PositionRotation>
			<Attachment isAttached="true">
				<AttachedTo>741636</AttachedTo>
				<BoneIndex>0</BoneIndex>
				<X>0.660000086</X>
				<Y>-1.64000034</Y>
				<Z>0.230000034</Z>
				<Pitch>0</Pitch>
				<Roll>0</Roll>
				<Yaw>-90.0000076</Yaw>
			</Attachment>
		</Attachment>
		<Attachment>
			<ModelHash>0x1f588a1a</ModelHash>
			<Type>3</Type>
			<Dynamic>false</Dynamic>
			<HashName>hei_prop_hei_drug_pack_01a</HashName>
			<InitialHandle>163099</InitialHandle>
			<OpacityLevel>255</OpacityLevel>
			<LodDistance>16960</LodDistance>
			<IsVisible>true</IsVisible>
			<Health>1000</Health>
			<IsOnFire>false</IsOnFire>
			<IsInvincible>false</IsInvincible>
			<IsBulletProof>false</IsBulletProof>
			<IsCollisionProof>false</IsCollisionProof>
			<IsExplosionProof>false</IsExplosionProof>
			<IsFireProof>true</IsFireProof>
			<IsMeleeProof>false</IsMeleeProof>
			<IsOnlyDamagedByPlayer>false</IsOnlyDamagedByPlayer>
			<PositionRotation>
				<X>-1576.91467</X>
				<Y>-3121.69238</Y>
				<Z>14.0400677</Z>
				<Pitch>-0.021852605</Pitch>
				<Roll>0.127728313</Roll>
				<Yaw>153.052048</Yaw>
			</PositionRotation>
			<Attachment isAttached="true">
				<AttachedTo>741636</AttachedTo>
				<BoneIndex>0</BoneIndex>
				<X>0.660000026</X>
				<Y>-1.41000032</Y>
				<Z>0.310000032</Z>
				<Pitch>0</Pitch>
				<Roll>0</Roll>
				<Yaw>-90.0000076</Yaw>
			</Attachment>
		</Attachment>
		<Attachment>
			<ModelHash>0x1f588a1a</ModelHash>
			<Type>3</Type>
			<Dynamic>false</Dynamic>
			<HashName>hei_prop_hei_drug_pack_01a</HashName>
			<InitialHandle>655387</InitialHandle>
			<OpacityLevel>255</OpacityLevel>
			<LodDistance>16960</LodDistance>
			<IsVisible>true</IsVisible>
			<Health>1000</Health>
			<IsOnFire>false</IsOnFire>
			<IsInvincible>false</IsInvincible>
			<IsBulletProof>false</IsBulletProof>
			<IsCollisionProof>false</IsCollisionProof>
			<IsExplosionProof>false</IsExplosionProof>
			<IsFireProof>true</IsFireProof>
			<IsMeleeProof>false</IsMeleeProof>
			<IsOnlyDamagedByPlayer>false</IsOnlyDamagedByPlayer>
			<PositionRotation>
				<X>-1577.11975</X>
				<Y>-3121.58813</Y>
				<Z>14.0395546</Z>
				<Pitch>-0.021852605</Pitch>
				<Roll>0.127728313</Roll>
				<Yaw>153.052048</Yaw>
			</PositionRotation>
			<Attachment isAttached="true">
				<AttachedTo>741636</AttachedTo>
				<BoneIndex>0</BoneIndex>
				<X>0.660000026</X>
				<Y>-1.64000034</Y>
				<Z>0.310000032</Z>
				<Pitch>0</Pitch>
				<Roll>0</Roll>
				<Yaw>-90.0000076</Yaw>
			</Attachment>
		</Attachment>
		<Attachment>
			<ModelHash>0x1f588a1a</ModelHash>
			<Type>3</Type>
			<Dynamic>false</Dynamic>
			<HashName>hei_prop_hei_drug_pack_01a</HashName>
			<InitialHandle>414492</InitialHandle>
			<OpacityLevel>255</OpacityLevel>
			<LodDistance>16960</LodDistance>
			<IsVisible>true</IsVisible>
			<Health>1000</Health>
			<IsOnFire>false</IsOnFire>
			<IsInvincible>false</IsInvincible>
			<IsBulletProof>false</IsBulletProof>
			<IsCollisionProof>false</IsCollisionProof>
			<IsExplosionProof>false</IsExplosionProof>
			<IsFireProof>true</IsFireProof>
			<IsMeleeProof>false</IsMeleeProof>
			<IsOnlyDamagedByPlayer>false</IsOnlyDamagedByPlayer>
			<PositionRotation>
				<X>-1576.91492</X>
				<Y>-3121.69214</Y>
				<Z>14.1200676</Z>
				<Pitch>-0.0218525827</Pitch>
				<Roll>0.127728313</Roll>
				<Yaw>153.052048</Yaw>
			</PositionRotation>
			<Attachment isAttached="true">
				<AttachedTo>741636</AttachedTo>
				<BoneIndex>0</BoneIndex>
				<X>0.660000026</X>
				<Y>-1.41000021</Y>
				<Z>0.390000075</Z>
				<Pitch>0</Pitch>
				<Roll>0</Roll>
				<Yaw>-90</Yaw>
			</Attachment>
		</Attachment>
		<Attachment>
			<ModelHash>0x1f588a1a</ModelHash>
			<Type>3</Type>
			<Dynamic>false</Dynamic>
			<HashName>hei_prop_hei_drug_pack_01a</HashName>
			<InitialHandle>188956</InitialHandle>
			<OpacityLevel>255</OpacityLevel>
			<LodDistance>16960</LodDistance>
			<IsVisible>true</IsVisible>
			<Health>1000</Health>
			<IsOnFire>false</IsOnFire>
			<IsInvincible>false</IsInvincible>
			<IsBulletProof>false</IsBulletProof>
			<IsCollisionProof>false</IsCollisionProof>
			<IsExplosionProof>false</IsExplosionProof>
			<IsFireProof>true</IsFireProof>
			<IsMeleeProof>false</IsMeleeProof>
			<IsOnlyDamagedByPlayer>false</IsOnlyDamagedByPlayer>
			<PositionRotation>
				<X>-1577.11987</X>
				<Y>-3121.58813</Y>
				<Z>14.1195545</Z>
				<Pitch>-0.021852605</Pitch>
				<Roll>0.127728313</Roll>
				<Yaw>153.052048</Yaw>
			</PositionRotation>
			<Attachment isAttached="true">
				<AttachedTo>741636</AttachedTo>
				<BoneIndex>0</BoneIndex>
				<X>0.660000026</X>
				<Y>-1.64000034</Y>
				<Z>0.390000075</Z>
				<Pitch>0</Pitch>
				<Roll>0</Roll>
				<Yaw>-90.0000076</Yaw>
			</Attachment>
		</Attachment>
		<Attachment>
			<ModelHash>0x58c91467</ModelHash>
			<Type>3</Type>
			<Dynamic>false</Dynamic>
			<HashName>prop_ld_gold_chest</HashName>
			<InitialHandle>776993</InitialHandle>
			<OpacityLevel>255</OpacityLevel>
			<LodDistance>16960</LodDistance>
			<IsVisible>true</IsVisible>
			<Health>1000</Health>
			<IsOnFire>false</IsOnFire>
			<IsInvincible>false</IsInvincible>
			<IsBulletProof>false</IsBulletProof>
			<IsCollisionProof>false</IsCollisionProof>
			<IsExplosionProof>false</IsExplosionProof>
			<IsFireProof>true</IsFireProof>
			<IsMeleeProof>false</IsMeleeProof>
			<IsOnlyDamagedByPlayer>false</IsOnlyDamagedByPlayer>
			<PositionRotation>
				<X>-1577.3197</X>
				<Y>-3120.74609</Y>
				<Z>13.9685583</Z>
				<Pitch>0.127728343</Pitch>
				<Roll>0.0218526088</Roll>
				<Yaw>-116.947968</Yaw>
			</PositionRotation>
			<Attachment isAttached="true">
				<AttachedTo>741636</AttachedTo>
				<BoneIndex>0</BoneIndex>
				<X>3.7252903e-009</X>
				<Y>-2.20000124</Y>
				<Z>0.240000084</Z>
				<Pitch>0</Pitch>
				<Roll>0</Roll>
				<Yaw>0</Yaw>
			</Attachment>
		</Attachment>
		<Attachment>
			<ModelHash>0x8ae084d2</ModelHash>
			<Type>3</Type>
			<Dynamic>false</Dynamic>
			<HashName>prop_drug_package_02</HashName>
			<InitialHandle>359971</InitialHandle>
			<OpacityLevel>255</OpacityLevel>
			<LodDistance>16960</LodDistance>
			<IsVisible>true</IsVisible>
			<Health>1000</Health>
			<IsOnFire>false</IsOnFire>
			<IsInvincible>false</IsInvincible>
			<IsBulletProof>false</IsBulletProof>
			<IsCollisionProof>false</IsCollisionProof>
			<IsExplosionProof>false</IsExplosionProof>
			<IsFireProof>true</IsFireProof>
			<IsMeleeProof>false</IsMeleeProof>
			<IsOnlyDamagedByPlayer>false</IsOnlyDamagedByPlayer>
			<PositionRotation>
				<X>-1577.17871</X>
				<Y>-3120.42505</Y>
				<Z>13.8686476</Z>
				<Pitch>0.021852605</Pitch>
				<Roll>-0.127728313</Roll>
				<Yaw>-26.9479485</Yaw>
			</PositionRotation>
			<Attachment isAttached="true">
				<AttachedTo>741636</AttachedTo>
				<BoneIndex>0</BoneIndex>
				<X>-0.350000113</X>
				<Y>-2.22000027</Y>
				<Z>0.140000015</Z>
				<Pitch>0</Pitch>
				<Roll>0</Roll>
				<Yaw>90.0000076</Yaw>
			</Attachment>
		</Attachment>
		<Attachment>
			<ModelHash>0x8ae084d2</ModelHash>
			<Type>3</Type>
			<Dynamic>false</Dynamic>
			<HashName>prop_drug_package_02</HashName>
			<InitialHandle>659235</InitialHandle>
			<OpacityLevel>255</OpacityLevel>
			<LodDistance>16960</LodDistance>
			<IsVisible>true</IsVisible>
			<Health>1000</Health>
			<IsOnFire>false</IsOnFire>
			<IsInvincible>false</IsInvincible>
			<IsBulletProof>false</IsBulletProof>
			<IsCollisionProof>false</IsCollisionProof>
			<IsExplosionProof>false</IsExplosionProof>
			<IsFireProof>true</IsFireProof>
			<IsMeleeProof>false</IsMeleeProof>
			<IsOnlyDamagedByPlayer>false</IsOnlyDamagedByPlayer>
			<PositionRotation>
				<X>-1577.09705</X>
				<Y>-3120.26465</Y>
				<Z>13.8687162</Z>
				<Pitch>0.0218525752</Pitch>
				<Roll>-0.127728313</Roll>
				<Yaw>-26.9479351</Yaw>
			</PositionRotation>
			<Attachment isAttached="true">
				<AttachedTo>741636</AttachedTo>
				<BoneIndex>0</BoneIndex>
				<X>-0.529999971</X>
				<Y>-2.22000027</Y>
				<Z>0.140000001</Z>
				<Pitch>0</Pitch>
				<Roll>0</Roll>
				<Yaw>90.0000153</Yaw>
			</Attachment>
		</Attachment>
		<Attachment>
			<ModelHash>0x8ae084d2</ModelHash>
			<Type>3</Type>
			<Dynamic>false</Dynamic>
			<HashName>prop_drug_package_02</HashName>
			<InitialHandle>590883</InitialHandle>
			<OpacityLevel>255</OpacityLevel>
			<LodDistance>16960</LodDistance>
			<IsVisible>true</IsVisible>
			<Health>1000</Health>
			<IsOnFire>false</IsOnFire>
			<IsInvincible>false</IsInvincible>
			<IsBulletProof>false</IsBulletProof>
			<IsCollisionProof>false</IsCollisionProof>
			<IsExplosionProof>false</IsExplosionProof>
			<IsFireProof>true</IsFireProof>
			<IsMeleeProof>false</IsMeleeProof>
			<IsOnlyDamagedByPlayer>false</IsOnlyDamagedByPlayer>
			<PositionRotation>
				<X>-1577.17883</X>
				<Y>-3120.42505</Y>
				<Z>13.928647</Z>
				<Pitch>0.021852605</Pitch>
				<Roll>-0.127728313</Roll>
				<Yaw>-26.9479485</Yaw>
			</PositionRotation>
			<Attachment isAttached="true">
				<AttachedTo>741636</AttachedTo>
				<BoneIndex>0</BoneIndex>
				<X>-0.349999994</X>
				<Y>-2.22000122</Y>
				<Z>0.200000063</Z>
				<Pitch>0</Pitch>
				<Roll>0</Roll>
				<Yaw>90.0000076</Yaw>
			</Attachment>
		</Attachment>
		<Attachment>
			<ModelHash>0x8ae084d2</ModelHash>
			<Type>3</Type>
			<Dynamic>false</Dynamic>
			<HashName>prop_drug_package_02</HashName>
			<InitialHandle>455715</InitialHandle>
			<OpacityLevel>255</OpacityLevel>
			<LodDistance>16960</LodDistance>
			<IsVisible>true</IsVisible>
			<Health>1000</Health>
			<IsOnFire>false</IsOnFire>
			<IsInvincible>false</IsInvincible>
			<IsBulletProof>false</IsBulletProof>
			<IsCollisionProof>false</IsCollisionProof>
			<IsExplosionProof>false</IsExplosionProof>
			<IsFireProof>false</IsFireProof>
			<IsMeleeProof>false</IsMeleeProof>
			<IsOnlyDamagedByPlayer>false</IsOnlyDamagedByPlayer>
			<PositionRotation>
				<X>-1577.09717</X>
				<Y>-3120.2644</Y>
				<Z>13.9287157</Z>
				<Pitch>0.021852605</Pitch>
				<Roll>-0.127728313</Roll>
				<Yaw>-26.9479485</Yaw>
			</PositionRotation>
			<Attachment isAttached="true">
				<AttachedTo>741636</AttachedTo>
				<BoneIndex>0</BoneIndex>
				<X>-0.530000031</X>
				<Y>-2.22000122</Y>
				<Z>0.200000033</Z>
				<Pitch>0</Pitch>
				<Roll>0</Roll>
				<Yaw>90.0000076</Yaw>
			</Attachment>
		</Attachment>
		<Attachment>
			<ModelHash>0x8ae084d2</ModelHash>
			<Type>3</Type>
			<Dynamic>false</Dynamic>
			<HashName>prop_drug_package_02</HashName>
			<InitialHandle>139812</InitialHandle>
			<OpacityLevel>255</OpacityLevel>
			<LodDistance>16960</LodDistance>
			<IsVisible>true</IsVisible>
			<Health>1000</Health>
			<IsOnFire>false</IsOnFire>
			<IsInvincible>false</IsInvincible>
			<IsBulletProof>false</IsBulletProof>
			<IsCollisionProof>false</IsCollisionProof>
			<IsExplosionProof>false</IsExplosionProof>
			<IsFireProof>true</IsFireProof>
			<IsMeleeProof>false</IsMeleeProof>
			<IsOnlyDamagedByPlayer>false</IsOnlyDamagedByPlayer>
			<PositionRotation>
				<X>-1577.49585</X>
				<Y>-3121.04907</Y>
				<Z>13.8683805</Z>
				<Pitch>0.021852605</Pitch>
				<Roll>-0.127728313</Roll>
				<Yaw>-26.9479485</Yaw>
			</PositionRotation>
			<Attachment isAttached="true">
				<AttachedTo>741636</AttachedTo>
				<BoneIndex>0</BoneIndex>
				<X>0.349999994</X>
				<Y>-2.22000122</Y>
				<Z>0.140000001</Z>
				<Pitch>0</Pitch>
				<Roll>0</Roll>
				<Yaw>90.0000076</Yaw>
			</Attachment>
		</Attachment>
		<Attachment>
			<ModelHash>0x8ae084d2</ModelHash>
			<Type>3</Type>
			<Dynamic>false</Dynamic>
			<HashName>prop_drug_package_02</HashName>
			<InitialHandle>26405</InitialHandle>
			<OpacityLevel>255</OpacityLevel>
			<LodDistance>16960</LodDistance>
			<IsVisible>true</IsVisible>
			<Health>1000</Health>
			<IsOnFire>false</IsOnFire>
			<IsInvincible>false</IsInvincible>
			<IsBulletProof>false</IsBulletProof>
			<IsCollisionProof>false</IsCollisionProof>
			<IsExplosionProof>false</IsExplosionProof>
			<IsFireProof>true</IsFireProof>
			<IsMeleeProof>false</IsMeleeProof>
			<IsOnlyDamagedByPlayer>false</IsOnlyDamagedByPlayer>
			<PositionRotation>
				<X>-1577.49597</X>
				<Y>-3121.04907</Y>
				<Z>13.92838</Z>
				<Pitch>0.021852605</Pitch>
				<Roll>-0.127728313</Roll>
				<Yaw>-26.9479485</Yaw>
			</PositionRotation>
			<Attachment isAttached="true">
				<AttachedTo>741636</AttachedTo>
				<BoneIndex>0</BoneIndex>
				<X>0.349999994</X>
				<Y>-2.22000122</Y>
				<Z>0.200000033</Z>
				<Pitch>0</Pitch>
				<Roll>0</Roll>
				<Yaw>90.0000076</Yaw>
			</Attachment>
		</Attachment>
		<Attachment>
			<ModelHash>0x8ae084d2</ModelHash>
			<Type>3</Type>
			<Dynamic>false</Dynamic>
			<HashName>prop_drug_package_02</HashName>
			<InitialHandle>478759</InitialHandle>
			<OpacityLevel>255</OpacityLevel>
			<LodDistance>16960</LodDistance>
			<IsVisible>true</IsVisible>
			<Health>1000</Health>
			<IsOnFire>false</IsOnFire>
			<IsInvincible>false</IsInvincible>
			<IsBulletProof>false</IsBulletProof>
			<IsCollisionProof>false</IsCollisionProof>
			<IsExplosionProof>false</IsExplosionProof>
			<IsFireProof>true</IsFireProof>
			<IsMeleeProof>false</IsMeleeProof>
			<IsOnlyDamagedByPlayer>false</IsOnlyDamagedByPlayer>
			<PositionRotation>
				<X>-1577.57751</X>
				<Y>-3121.20947</Y>
				<Z>13.8683119</Z>
				<Pitch>0.021852605</Pitch>
				<Roll>-0.127728313</Roll>
				<Yaw>-26.9479485</Yaw>
			</PositionRotation>
			<Attachment isAttached="true">
				<AttachedTo>741636</AttachedTo>
				<BoneIndex>40</BoneIndex>
				<X>0.530000031</X>
				<Y>-2.22000122</Y>
				<Z>0.139999986</Z>
				<Pitch>0</Pitch>
				<Roll>0</Roll>
				<Yaw>90.0000076</Yaw>
			</Attachment>
		</Attachment>
		<Attachment>
			<ModelHash>0x8ae084d2</ModelHash>
			<Type>3</Type>
			<Dynamic>false</Dynamic>
			<HashName>prop_drug_package_02</HashName>
			<InitialHandle>534568</InitialHandle>
			<OpacityLevel>255</OpacityLevel>
			<LodDistance>16960</LodDistance>
			<IsVisible>true</IsVisible>
			<Health>1000</Health>
			<IsOnFire>false</IsOnFire>
			<IsInvincible>false</IsInvincible>
			<IsBulletProof>false</IsBulletProof>
			<IsCollisionProof>false</IsCollisionProof>
			<IsExplosionProof>false</IsExplosionProof>
			<IsFireProof>false</IsFireProof>
			<IsMeleeProof>false</IsMeleeProof>
			<IsOnlyDamagedByPlayer>false</IsOnlyDamagedByPlayer>
			<PositionRotation>
				<X>-1577.57764</X>
				<Y>-3121.20947</Y>
				<Z>13.9283113</Z>
				<Pitch>0.021852605</Pitch>
				<Roll>-0.127728313</Roll>
				<Yaw>-26.9479485</Yaw>
			</PositionRotation>
			<Attachment isAttached="true">
				<AttachedTo>741636</AttachedTo>
				<BoneIndex>0</BoneIndex>
				<X>0.530000031</X>
				<Y>-2.22000122</Y>
				<Z>0.200000033</Z>
				<Pitch>0</Pitch>
				<Roll>0</Roll>
				<Yaw>90.0000076</Yaw>
			</Attachment>
		</Attachment>
		<Attachment>
			<ModelHash>0xc103d44a</ModelHash>
			<Type>3</Type>
			<Dynamic>false</Dynamic>
			<HashName>w_sb_microsmg</HashName>
			<InitialHandle>249389</InitialHandle>
			<OpacityLevel>255</OpacityLevel>
			<LodDistance>16960</LodDistance>
			<IsVisible>true</IsVisible>
			<Health>1000</Health>
			<IsOnFire>false</IsOnFire>
			<IsInvincible>false</IsInvincible>
			<IsBulletProof>false</IsBulletProof>
			<IsCollisionProof>false</IsCollisionProof>
			<IsExplosionProof>false</IsExplosionProof>
			<IsFireProof>true</IsFireProof>
			<IsMeleeProof>false</IsMeleeProof>
			<IsOnlyDamagedByPlayer>false</IsOnlyDamagedByPlayer>
			<PositionRotation>
				<X>-1577.31995</X>
				<Y>-3120.74585</Y>
				<Z>14.0885582</Z>
				<Pitch>-89.871788</Pitch>
				<Roll>9.70853043</Roll>
				<Yaw>-107.239418</Yaw>
			</PositionRotation>
			<Attachment isAttached="true">
				<AttachedTo>741636</AttachedTo>
				<BoneIndex>0</BoneIndex>
				<X>0</X>
				<Y>-2.20000124</Y>
				<Z>0.360000104</Z>
				<Pitch>-90.0000076</Pitch>
				<Roll>0</Roll>
				<Yaw>0</Yaw>
			</Attachment>
		</Attachment>
		<Attachment>
			<ModelHash>0xd37a33c0</ModelHash>
			<Type>3</Type>
			<Dynamic>false</Dynamic>
			<HashName>w_sr_heavysniper</HashName>
			<InitialHandle>460334</InitialHandle>
			<OpacityLevel>255</OpacityLevel>
			<LodDistance>16960</LodDistance>
			<IsVisible>true</IsVisible>
			<Health>1000</Health>
			<IsOnFire>false</IsOnFire>
			<IsInvincible>false</IsInvincible>
			<IsBulletProof>false</IsBulletProof>
			<IsCollisionProof>false</IsCollisionProof>
			<IsExplosionProof>false</IsExplosionProof>
			<IsFireProof>true</IsFireProof>
			<IsMeleeProof>false</IsMeleeProof>
			<IsOnlyDamagedByPlayer>false</IsOnlyDamagedByPlayer>
			<PositionRotation>
				<X>-1577.05286</X>
				<Y>-3120.88184</Y>
				<Z>14.2742262</Z>
				<Pitch>-0.0218730401</Pitch>
				<Roll>-171.358078</Roll>
				<Yaw>153.052063</Yaw>
			</PositionRotation>
			<Attachment isAttached="true">
				<AttachedTo>741636</AttachedTo>
				<BoneIndex>0</BoneIndex>
				<X>0</X>
				<Y>-1.90000033</Y>
				<Z>0.545000076</Z>
				<Pitch>180.000015</Pitch>
				<Roll>8.51418495</Roll>
				<Yaw>90.0000076</Yaw>
			</Attachment>
		</Attachment>
		<Attachment>
			<ModelHash>0x35fde08c</ModelHash>
			<Type>3</Type>
			<Dynamic>false</Dynamic>
			<HashName>w_pi_appistol</HashName>
			<InitialHandle>685106</InitialHandle>
			<OpacityLevel>255</OpacityLevel>
			<LodDistance>16960</LodDistance>
			<IsVisible>true</IsVisible>
			<Health>1000</Health>
			<IsOnFire>false</IsOnFire>
			<IsInvincible>false</IsInvincible>
			<IsBulletProof>false</IsBulletProof>
			<IsCollisionProof>false</IsCollisionProof>
			<IsExplosionProof>false</IsExplosionProof>
			<IsFireProof>true</IsFireProof>
			<IsMeleeProof>false</IsMeleeProof>
			<IsOnlyDamagedByPlayer>false</IsOnlyDamagedByPlayer>
			<PositionRotation>
				<X>-1577.48279</X>
				<Y>-3121.04443</Y>
				<Z>13.9984064</Z>
				<Pitch>-89.871788</Pitch>
				<Roll>-80.2889557</Roll>
				<Yaw>-107.236931</Yaw>
			</PositionRotation>
			<Attachment isAttached="true">
				<AttachedTo>741636</AttachedTo>
				<BoneIndex>0</BoneIndex>
				<X>0.340000093</X>
				<Y>-2.21000123</Y>
				<Z>0.27000007</Z>
				<Pitch>-90</Pitch>
				<Roll>-90.0000076</Roll>
				<Yaw>0</Yaw>
			</Attachment>
		</Attachment>
		<Attachment>
			<ModelHash>0x1807703d</ModelHash>
			<Type>3</Type>
			<Dynamic>false</Dynamic>
			<HashName>w_pi_combatpistol</HashName>
			<InitialHandle>753202</InitialHandle>
			<OpacityLevel>255</OpacityLevel>
			<LodDistance>16960</LodDistance>
			<IsVisible>true</IsVisible>
			<Health>1000</Health>
			<IsOnFire>false</IsOnFire>
			<IsInvincible>false</IsInvincible>
			<IsBulletProof>false</IsBulletProof>
			<IsCollisionProof>false</IsCollisionProof>
			<IsExplosionProof>false</IsExplosionProof>
			<IsFireProof>true</IsFireProof>
			<IsMeleeProof>false</IsMeleeProof>
			<IsOnlyDamagedByPlayer>false</IsOnlyDamagedByPlayer>
			<PositionRotation>
				<X>-1577.17456</X>
				<Y>-3120.43848</Y>
				<Z>13.9986658</Z>
				<Pitch>89.871788</Pitch>
				<Roll>-99.7040939</Roll>
				<Yaw>72.756134</Yaw>
			</PositionRotation>
			<Attachment isAttached="true">
				<AttachedTo>741636</AttachedTo>
				<BoneIndex>0</BoneIndex>
				<X>-0.340000123</X>
				<Y>-2.21000123</Y>
				<Z>0.27000007</Z>
				<Pitch>90.0000076</Pitch>
				<Roll>90.0000076</Roll>
				<Yaw>0</Yaw>
			</Attachment>
		</Attachment>
		<Attachment>
			<ModelHash>0x4ad4095a</ModelHash>
			<Type>3</Type>
			<Dynamic>false</Dynamic>
			<HashName>w_sg_assaultshotgun</HashName>
			<InitialHandle>430642</InitialHandle>
			<OpacityLevel>255</OpacityLevel>
			<LodDistance>16960</LodDistance>
			<IsVisible>true</IsVisible>
			<Health>1000</Health>
			<IsOnFire>false</IsOnFire>
			<IsInvincible>false</IsInvincible>
			<IsBulletProof>false</IsBulletProof>
			<IsCollisionProof>false</IsCollisionProof>
			<IsExplosionProof>false</IsExplosionProof>
			<IsFireProof>true</IsFireProof>
			<IsMeleeProof>false</IsMeleeProof>
			<IsOnlyDamagedByPlayer>false</IsOnlyDamagedByPlayer>
			<PositionRotation>
				<X>-1575.38501</X>
				<Y>-3121.79663</Y>
				<Z>13.6234407</Z>
				<Pitch>-89.871788</Pitch>
				<Roll>-80.2921906</Roll>
				<Yaw>-107.240158</Yaw>
			</PositionRotation>
			<Attachment isAttached="true">
				<AttachedTo>741636</AttachedTo>
				<BoneIndex>0</BoneIndex>
				<X>0.0600000098</X>
				<Y>0</Y>
				<Z>-0.110000029</Z>
				<Pitch>-90.0000076</Pitch>
				<Roll>0</Roll>
				<Yaw>90.0000076</Yaw>
			</Attachment>
		</Attachment>
		<Attachment>
			<ModelHash>0x35fde08c</ModelHash>
			<Type>3</Type>
			<Dynamic>false</Dynamic>
			<HashName>w_pi_appistol</HashName>
			<InitialHandle>522550</InitialHandle>
			<OpacityLevel>255</OpacityLevel>
			<LodDistance>16960</LodDistance>
			<IsVisible>true</IsVisible>
			<Health>1000</Health>
			<IsOnFire>false</IsOnFire>
			<IsInvincible>false</IsInvincible>
			<IsBulletProof>false</IsBulletProof>
			<IsCollisionProof>false</IsCollisionProof>
			<IsExplosionProof>false</IsExplosionProof>
			<IsFireProof>true</IsFireProof>
			<IsMeleeProof>false</IsMeleeProof>
			<IsOnlyDamagedByPlayer>false</IsOnlyDamagedByPlayer>
			<PositionRotation>
				<X>-1574.78223</X>
				<Y>-3122.39502</Y>
				<Z>14.2851458</Z>
				<Pitch>-89.8733215</Pitch>
				<Roll>-30.2901764</Roll>
				<Yaw>-107.238152</Yaw>
			</PositionRotation>
			<Attachment isAttached="true">
				<AttachedTo>741636</AttachedTo>
				<BoneIndex>0</BoneIndex>
				<X>0.320000142</X>
				<Y>0.810000122</Y>
				<Z>0.550000131</Z>
				<Pitch>-90.0000076</Pitch>
				<Roll>-40.0000038</Roll>
				<Yaw>0</Yaw>
			</Attachment>
		</Attachment>
	</SpoonerAttachments>
</Vehicle>
