{
    "Hash": 2627665880,
    "Outfits": [
        {
            "Componet": 0,
            "Texture": 0,
            "Varient": 0
        },
        {
            "Componet": 1,
            "Texture": 215,
            "Varient": 0
        },
        {
            "Componet": 2,
            "Texture": 48,
            "Varient": 0
        },
        {
            "Componet": 3,
            "Texture": 195,
            "Varient": 0
        },
        {
            "Componet": 4,
            "Texture": 43,
            "Varient": 1
        },
        {
            "Componet": 5,
            "Texture": 0,
            "Varient": 0
        },
        {
            "Componet": 6,
            "Texture": 33,
            "Varient": 4
        },
        {
            "Componet": 7,
            "Texture": 0,
            "Varient": 0
        },
        {
            "Componet": 8,
            "Texture": 190,
            "Varient": 0
        },
        {
            "Componet": 9,
            "Texture": 0,
            "Varient": 0
        },
        {
            "Componet": 10,
            "Texture": 0,
            "Varient": 0
        },
        {
            "Componet": 11,
            "Texture": 235,
            "Varient": 1
        }
    ],
    "Z": "0",
    "maden": "NenyoooDev"
}