{
    "Hash": 2602752943,
    "Outfits": [
        {
            "Componet": 0,
            "Texture": 0,
            "Varient": 0
        },
        {
            "Componet": 1,
            "Texture": 0,
            "Varient": 0
        },
        {
            "Componet": 2,
            "Texture": 0,
            "Varient": 0
        },
        {
            "Componet": 3,
            "Texture": 0,
            "Varient": 0
        },
        {
            "Componet": 4,
            "Texture": 0,
            "Varient": 0
        },
        {
            "Componet": 5,
            "Texture": 0,
            "Varient": 0
        },
        {
            "Componet": 6,
            "Texture": 0,
            "Varient": 0
        },
        {
            "Componet": 7,
            "Texture": 0,
            "Varient": 0
        },
        {
            "Componet": 8,
            "Texture": 0,
            "Varient": 0
        },
        {
            "Componet": 9,
            "Texture": 0,
            "Varient": 0
        },
        {
            "Componet": 10,
            "Texture": 0,
            "Varient": 0
        },
        {
            "Componet": 11,
            "Texture": 0,
            "Varient": 0
        }
    ],
    "Z": "0",
    "maden": "NenyoooDev"
}