{
    "Hash": 1885233650,
    "Outfits": [
        {
            "Componet": 0,
            "Texture": 0,
            "Varient": 0
        },
        {
            "Componet": 1,
            "Texture": 0,
            "Varient": 0
        },
        {
            "Componet": 2,
            "Texture": 49,
            "Varient": 0
        },
        {
            "Componet": 3,
            "Texture": 0,
            "Varient": 0
        },
        {
            "Componet": 4,
            "Texture": 10,
            "Varient": 0
        },
        {
            "Componet": 5,
            "Texture": 0,
            "Varient": 0
        },
        {
            "Componet": 6,
            "Texture": 24,
            "Varient": 0
        },
        {
            "Componet": 7,
            "Texture": 9,
            "Varient": 0
        },
        {
            "Componet": 8,
            "Texture": 58,
            "Varient": 0
        },
        {
            "Componet": 9,
            "Texture": 0,
            "Varient": 0
        },
        {
            "Componet": 10,
            "Texture": 0,
            "Varient": 0
        },
        {
            "Componet": 11,
            "Texture": 55,
            "Varient": 0
        }
    ],
    "Z": "0",
    "maden": "Kirito12Kun"
}