{
    "Hash": 2627665880,
    "Outfits": [
        {
            "Componet": 0,
            "Texture": 0,
            "Varient": 0
        },
        {
            "Componet": 1,
            "Texture": 215,
            "Varient": 2
        },
        {
            "Componet": 2,
            "Texture": 48,
            "Varient": 0
        },
        {
            "Componet": 3,
            "Texture": 3,
            "Varient": 0
        },
        {
            "Componet": 4,
            "Texture": 79,
            "Varient": 5
        },
        {
            "Componet": 5,
            "Texture": 0,
            "Varient": 0
        },
        {
            "Componet": 6,
            "Texture": 117,
            "Varient": 5
        },
        {
            "Componet": 7,
            "Texture": 0,
            "Varient": 0
        },
        {
            "Componet": 8,
            "Texture": 3,
            "Varient": 0
        },
        {
            "Componet": 9,
            "Texture": 0,
            "Varient": 0
        },
        {
            "Componet": 10,
            "Texture": 0,
            "Varient": 0
        },
        {
            "Componet": 11,
            "Texture": 180,
            "Varient": 5
        }
    ],
    "Z": "0",
    "maden": "GodPretender"
}