{
    "Hash": 2627665880,
    "Outfits": [
        {
            "Componet": 0,
            "Texture": 0,
            "Varient": 0
        },
        {
            "Componet": 1,
            "Texture": 166,
            "Varient": 0
        },
        {
            "Componet": 2,
            "Texture": 53,
            "Varient": 0
        },
        {
            "Componet": 3,
            "Texture": 127,
            "Varient": 3
        },
        {
            "Componet": 4,
            "Texture": 102,
            "Varient": 0
        },
        {
            "Componet": 5,
            "Texture": 82,
            "Varient": 0
        },
        {
            "Componet": 6,
            "Texture": 27,
            "Varient": 0
        },
        {
            "Componet": 7,
            "Texture": 95,
            "Varient": 0
        },
        {
            "Componet": 8,
            "Texture": 3,
            "Varient": 0
        },
        {
            "Componet": 9,
            "Texture": 29,
            "Varient": 9
        },
        {
            "Componet": 10,
            "Texture": 0,
            "Varient": 0
        },
        {
            "Componet": 11,
            "Texture": 287,
            "Varient": 12
        }
    ],
    "Z": "0",
    "maden": "OokamiNoy"
}